,A,B,C,D
2000-01-01,-0.7864477253238207,0.9378015666863274,-0.02933301556506889,0.8433185313661818
2000-01-02,0.5595940435620848,-0.7877638004787914,0.3384730213888023,-0.5195847297907301
2000-01-03,-3.351069810463486,1.0032664249422372,1.983853335163245,0.8701586215857368
2000-01-04,2.7207596049526055,-0.6326561990086108,-0.7532716207418108,-0.7514246874646764
2000-01-05,-0.6054916002203523,-1.2643120060471897,-0.9156268984835619,0.32967569278524156
2000-01-06,0.03686140740231552,-1.524243523452774,0.3661462354952625,0.8096392945005327
2000-01-07,-0.22171223992679695,0.24324817403808818,0.10522717125218012,-0.21394841441019627
2000-01-08,1.8831863323612665,-1.078497824434227,-0.7105266133093555,0.23099289567713577
2000-01-09,1.495818409952204,-1.4472761690068503,0.1421307396707762,-1.1884146696497948
2000-01-10,1.7646951946617129,-2.5614395924683815,-1.1634830799454075,1.2725789143576542
2000-01-11,0.4359361291230148,1.5983493274275495,-0.07364290375640806,-0.24398415094903353
2000-01-12,1.0556671462205554,0.3217222333889231,-1.0910078397757712,0.14806407486435363
2000-01-13,-0.9869989704257116,-1.2097030683969874,0.6968373127454955,0.054721951780146647
2000-01-14,-0.7813778273057372,1.2309136732203925,0.0508613522722211,0.1401372444796827
2000-01-15,0.49774407899128303,0.4769495386712604,-1.6145374689977505,-0.616344184670759
2000-01-16,1.3233005868574503,0.7285706265808238,0.30428644354925777,0.19616597095652136
2000-01-17,2.522945116155436,-0.8034498166702974,-0.7920948445718392,-0.7886985319418186
2000-01-18,0.05950621154476699,0.41692640735316044,2.3155007818254023,2.5508317783545906
2000-01-19,-0.8866274971877559,0.4216091086996049,1.0830587397882894,-1.1006757847287878
2000-01-20,1.7462034087528746,0.6986071583158087,-0.20570944901381366,0.6586189933605096
2000-01-21,-0.14672649580462632,0.331572995139125,1.183881592786033,1.2842515971472304
2000-01-22,-2.5169959190444824,0.3459803682449117,0.855198024698848,-1.5724492105797
2000-01-23,-0.8129306765253503,-1.927674655944525,-0.45724652327495074,-0.3892614046774188
2000-01-24,1.7401850173326674,-1.4298770074381797,0.3199266782936936,-1.0350443378386571
2000-01-25,-0.929565890164003,1.1907419884044839,0.21378344703545726,-0.35374319809144433
2000-01-26,0.5085347139537639,-0.15336891467710395,0.8711506042810861,0.23113529429176732
2000-01-27,1.0707120774166035,-0.3744841299800527,-0.6543417797454233,1.5294137801792247
2000-01-28,0.5727335345088322,0.5037953129542261,-0.7421956603563072,-0.7914648769127598
2000-01-29,0.12350910251866484,1.0731790917234119,0.8707678103221483,-1.5572980782761883
2000-01-30,1.5604862297061004,-0.0634572189643415,0.01840575457182405,0.9452883961533045
2000-01-31,0.2860470601953737,0.13507079869779748,0.7543708151722374,1.680968825801573
2000-02-01,0.3086612101572758,1.0546388083691502,0.31176134503808134,-0.187285378392866
2000-02-02,-0.7240952739535917,-1.0514957035320163,0.46769681090343085,-1.6507252635024567
2000-02-03,0.06674121019192748,-2.6143222312033982,-1.258848515865508,-1.1793920549065813
2000-02-04,-1.4338201464499187,1.4527802849961722,0.4525258812459593,-1.0044409636809646
2000-02-05,0.5745422832804978,0.16925805932086396,-0.4972199879113281,0.10396728547074266
2000-02-06,2.336513794175327,2.063763984408321,-0.5788630496867128,-1.0746557261619785
2000-02-07,-1.3409373474426696,0.48483547757475787,-0.42664573335425404,1.4232607572500404
2000-02-08,0.32237410419373624,0.45205636115199727,-0.5629008402556848,-1.3134852335173273
2000-02-09,1.6193778242421817,0.5804321484042961,0.3443703295002039,-0.5534372530549854
2000-02-10,0.41455191456588836,0.48059699883591744,1.238439719557471,2.1330654779938105
2000-02-11,0.4625002938647998,0.028545819335717232,1.1815344590170747,1.0894217460446356
2000-02-12,-0.019203981362378712,0.478794975666709,0.9446575265231327,-0.22267611348613042
2000-02-13,1.482021094920771,-0.7718301441157274,-1.280726750714274,0.8069187379746517
2000-02-14,-0.6320378354664277,0.21064872485399386,-0.7911427884282913,0.887957106986128
2000-02-15,0.10837981746473166,0.9624238644726607,-1.5840579365505405,-0.5458718259291521
2000-02-16,0.789297827046465,0.4380384185757015,-0.26219642468458315,0.10434848808594686
2000-02-17,1.1194693458748883,-0.8912528361006617,0.6998763674944884,2.2548792182038846
2000-02-18,-0.8592605303993364,-0.3053432705035979,-1.8082091891344219,-0.2686435310286093
2000-02-19,-0.020555034434019848,-1.3219855406778263,-1.5974895345387135,-0.8599624650792952
2000-02-20,1.3492427176624466,-1.12083332334432,0.8533555402945293,0.4431930706332705
2000-02-21,1.1173243341540184,-1.032508412527722,-1.2431580250209942,0.2862861881257145
2000-02-22,-2.4305694780440743,-0.010158996349168814,-0.1576261099396776,-0.5862098931237467
2000-02-23,0.2556652777901995,1.0634202122619896,1.3807738543701324,1.1040378957386756
2000-02-24,0.653140584683006,1.0558610810611913,0.09756127262712405,1.0582336796870913
2000-02-25,1.8981293349737616,0.5343764132777163,0.04229758995475249,0.16448042658785805
2000-02-26,1.250593125091627,-1.833645732140591,0.8537497884631514,-1.2145897534388084
2000-02-27,-2.3884586483463206,1.1515658458726914,0.18583260353809353,0.9647847144074189
2000-02-28,1.838017277584789,-0.06251554282649523,-0.8582778476426859,2.014366647782051
2000-02-29,-0.29253454554180025,-1.0355924046434388,0.12915534374209017,-0.6242927238086854
2000-03-01,2.9160532130645676,0.38004029763875075,-0.4739965859873476,-0.35513468411826593
2000-03-02,-1.7976103237553513,-0.17625291534859883,0.04991107114239785,1.724587984723301
2000-03-03,-0.8794280633171877,1.3082842488364916,-2.157762817035819,-1.2729503447356598
2000-03-04,-0.2508197378943354,0.3872024230876896,-0.5947151533159077,-0.5207537471549473
2000-03-05,1.3845466941853477,0.4049431898229862,-0.31762134045051504,0.48255392018477317
2000-03-06,-0.9584012501238253,0.20766865215127905,-0.3648839751999785,0.9955396251430185
2000-03-07,-0.3366891404788183,-0.8621529916821856,1.4090413192812095,-2.517759823139507
2000-03-08,0.6214438204871577,-0.3425530595678986,0.9096323368853856,-0.8227819731836791
2000-03-09,0.7624476277261556,-0.36109230382320845,-0.11472652505522836,-0.30789955255068197
2000-03-10,1.618733845349908,-0.5769020380936408,0.395091523302919,0.4485219698841082
2000-03-11,-0.6473975980476291,0.9225975058172255,0.9724148390536597,0.19617427964515483
2000-03-12,0.23689661321317146,-0.028897936135401023,-0.2516911012804807,1.3986827571735332
2000-03-13,0.8060290701063019,0.15179402819319449,0.12440081480095228,-1.1402866467086077
2000-03-14,1.8415898290070771,0.06387044960171137,-0.026533269111789083,0.6810165804169921
2000-03-15,0.2181756571589838,0.3474254118312792,0.4233866470277937,1.3430726942076792
2000-03-16,-1.5607861602801585,1.0263957888032067,-0.14884309846307012,-0.8828166849962902
2000-03-17,-0.6802031345299666,-0.4308555286678058,-0.4690256665416048,1.116086392582445
2000-03-18,0.4416539185926286,-0.589774096267052,0.0691991766042555,-1.2592097234038002
2000-03-19,1.1837566893452343,1.1253098951521547,-0.35370104410998066,0.3925333597536458
2000-03-20,1.4563461775629416,-0.2887944924689665,-0.3323897600149415,0.7816149785615268
2000-03-21,-0.7635075585015781,0.9143913411857602,-0.4879429661441266,0.06825913164945226
2000-03-22,0.8533637388769295,-0.2804860493083499,0.5917640535647718,-1.1551388165453818
2000-03-23,0.6107361570692326,-0.4387026634254801,-0.4359172954811206,0.9260837945251965
2000-03-24,-2.108813772099048,0.6046037620460263,-1.183754544462606,-0.445101008210122
2000-03-25,0.9931265655444376,0.4814849192952278,-0.13153652611394426,0.9974153522701922
2000-03-26,-0.46405906462497765,1.542411699167883,0.03881402394239531,0.6253606287130934
2000-03-27,-0.8064266153853219,0.5042481697550654,0.3551502283544561,-0.3675251537346758
2000-03-28,0.308912392165651,0.8769069623957093,0.20530111896960862,0.5596599532659822
2000-03-29,0.4038318247488086,-0.807848706468746,-1.1621673577760192,-0.525444404066342
2000-03-30,-0.0929340104329005,0.5858794529967065,1.7087292495130562,-0.9797089374625344
2000-03-31,1.5197518602522784,-1.3818436513805519,-0.20260139846837355,0.7968705685776166
2000-04-01,-0.1518984555398496,0.01073367683717943,-0.425768604079897,0.18406217247756623
2000-04-02,0.0029366468054658357,-1.6789864651680317,0.20731816264646055,-1.1424446720521875
2000-04-03,0.9187034381158747,0.7512837093283137,0.24132009077982333,-0.8938758117670996
2000-04-04,0.268314221890589,-0.9970148079105843,1.0753249764195294,-1.4991253712208563
2000-04-05,0.1737153754521994,1.3800109680888033,-0.7307479707199614,-0.8221883717294811
2000-04-06,-1.7729817684477602,0.7969546967916313,0.06296367647987022,1.3463592128522988
2000-04-07,0.8496407619014473,1.8405281940191698,2.955178893039587,-0.34385337812315003
2000-04-08,-0.133874718401525,0.4884997283827556,-0.15110498466875213,0.5703454502960493
2000-04-09,1.0956732645155256,0.06205414640316459,0.20142147084685763,0.1154135706286805
2000-04-10,1.51161089723432,0.8424050165157692,-0.5658578191542962,-1.3146350849372512
2000-04-11,-0.8496453283590658,-1.6811702839270393,-0.496382036329768,-0.15065086288186597
2000-04-12,0.3939908977089778,0.7482344352003686,1.926944363815101,-2.1940235900646794
2000-04-13,-0.10667561778009228,-0.14255699305122266,0.20053876799118872,-1.6769874828874363
2000-04-14,0.3820133399775751,-0.4571090590236028,-0.22780253267768805,-0.09770795676260308
2000-04-15,0.18609798376103948,0.8630701595665211,-0.7663355186607974,-0.05699668321948331
2000-04-16,0.9103396876206397,-0.3514531574836982,0.030493119270735745,-0.6354299793808659
2000-04-17,-1.066642036337693,-0.7801115800801363,-0.8335640813224829,-0.4445967609871799
2000-04-18,-0.7255969776096926,-0.6385159238408301,-1.0820097483579467,-0.4384164578312533
2000-04-19,0.70005103354348,0.2702891608945081,-0.6790563122080874,-1.8340004914604386
2000-04-20,-0.21884030881908534,-0.6888717842790754,0.05574849725220453,-1.4259552512997526
2000-04-21,-0.25866681149005294,-0.2551570517810911,-1.9062177821497537,-0.5574665215129854
2000-04-22,0.09182489374511203,-0.03480459480965356,0.2975424325071355,0.015215284967938022
2000-04-23,-0.13166947187930456,0.6070032714328308,0.12202613388553767,0.7848422977562655
2000-04-24,0.6827715017325134,-1.514387163732728,1.2713954100455718,-0.323393702884663
2000-04-25,1.5040982042888105,0.8967697137861437,-1.1284991243245683,1.0623165349811132
2000-04-26,-0.07150271392627763,1.1023743146463578,-0.33599239132622655,-1.949797110470953
2000-04-27,0.8346571366846294,-0.9470369311265681,0.6973256871356326,-0.8227044218297452
2000-04-28,-0.6754871577838529,-0.8070834865879521,-0.7277864832328537,0.4429969298967628
2000-04-29,-0.4254543527766599,-1.2344441476424424,0.40891662218635716,-1.9158732758959531
2000-04-30,0.33873268024722,-1.0707830400490994,2.2263122321122966,-0.018934413551114908
2000-05-01,-0.3149713763272087,0.8382821725665014,-0.2980786547776029,-0.6774495819332147
2000-05-02,-0.9308667335055738,0.5416749191231721,1.0239503496064808,-0.0591471840171088
2000-05-03,0.2493050740931129,0.9821479825355436,0.043589188742542154,0.2944867596030847
2000-05-04,0.4377372269354213,-0.35273880431456356,-0.2484097632075235,1.1119723852294985
2000-05-05,-0.029347339568931496,-0.4698087374661034,1.02666024183426,-1.754986977593047
2000-05-06,-0.022023977614583294,-0.3305041010803089,1.4554288745789523,0.1028985700767932
2000-05-07,-0.42158547086010817,1.831366033748708,0.7927198375088879,-0.5756051030273703
2000-05-08,0.31806256672492167,0.9669357629845258,0.5030528419004044,0.05569805419345818
2000-05-09,-0.16719183959054035,0.6468997359185678,-0.7396819676483937,1.2727578069022252
2000-05-10,-0.2036365544231192,-0.18281775137965808,-0.025038760439286736,-1.0885027919475792
2000-05-11,0.7568764952054051,-0.4315039118710089,1.2752551191779433,-1.308440141936067
2000-05-12,2.1850155518412286,-0.3850378129918303,0.9625271794652939,-0.718985443059127
2000-05-13,-0.3795014840416776,-0.024872083977838202,-0.008727312411875852,-0.6690084964945996
2000-05-14,1.041913578296083,0.828196111959848,-0.20938849610275823,-0.8508305797695821
2000-05-15,0.7703181057036468,-0.0386481175623574,0.7377102380799426,1.3191929073042685
2000-05-16,0.4982447557007381,0.37636530458153683,-0.6726147596685789,0.7796714647185486
2000-05-17,-1.8009811888030072,1.5430311561330001,-1.811664631443912,0.28180318314930014
2000-05-18,-0.15305762887886679,-0.22114018529711194,0.9195805441005293,-0.11650709306216106
2000-05-19,0.26754657483976935,0.4594006317668315,0.4505344794043685,0.3352362632152871
2000-05-20,-0.8327733222238439,-0.23468114216075855,0.30540060708335665,0.45699549478706053
2000-05-21,-2.0894792232393926,1.4051169935365069,1.5982359110094773,0.48942394881039203
2000-05-22,-1.3331402370853116,0.0942198172286705,-0.6060728775303796,-1.0373002494024228
2000-05-23,0.5772258112646417,1.3191080416455447,1.256591354642787,-0.5991095966633081
2000-05-24,0.9402545900105951,-1.3985434228707527,0.044825334566682286,-0.8022260527353359
2000-05-25,0.8785671574261296,-0.7451198142572711,2.482267094390062,0.7382780461096711
2000-05-26,-0.954719386959164,-0.4144785619626383,0.3478297047678567,-0.23949080750224777
2000-05-27,0.8263671737478416,-0.9240673013538165,1.2646247214861706,2.037957581490364
2000-05-28,-2.0476282979716665,-0.07303355206285103,0.692437521831608,1.1988358041733849
2000-05-29,0.9396959780031895,0.17435726565137888,0.3078294670837672,0.6956693619253831
2000-05-30,0.2548918629407064,-0.5099398681211144,0.3872205251166146,-0.7397035641864608
2000-05-31,-0.6454528954904879,0.40409678998616216,-0.7529279727980938,0.9371136851740168
2000-06-01,0.6462025194124185,-1.1528478506547073,0.44450502886718907,1.1774417837738536
2000-06-02,-0.14211305147497985,-0.8866493717489532,-0.6593613818348694,-1.9512209982254223
2000-06-03,0.6299148069710505,-1.4736645392144474,0.16775897146172317,-0.4946178034317531
2000-06-04,-0.45301712938378613,-0.5628841014868093,1.3997252224329653,-0.1615941783805553
2000-06-05,-2.6169906121032267,-1.9381727165311833,-0.3401493175166963,-0.09256867252756908
2000-06-06,-0.7631466826859097,-0.30176192583749395,0.06472165358108853,-0.10864954506304739
2000-06-07,0.907893831529123,-0.7024440011835072,0.7047161338635916,0.10774359689057193
2000-06-08,0.2790002197214184,0.2694529280968581,-0.7430447083674379,-1.1367902611699727
2000-06-09,-0.4080203961359664,0.18077783986694335,-0.14905920946385579,-0.3965001191620606
2000-06-10,-2.3661589482887044,-0.9358320442398644,-0.4587772025357585,-0.30594846895697175
2000-06-11,-0.37319707019907633,0.7063220860762436,0.14838165691996097,0.715477458862987
2000-06-12,-0.9419995317864126,-0.412873103355379,0.13292340867596056,-0.3004003051676564
2000-06-13,0.2403775868406025,-0.15572076687615855,-0.018580672678722297,0.07068407649227135
2000-06-14,1.5562700644922922,0.30280606761921586,-0.8590547081004903,-1.2930647602542524
2000-06-15,-1.1408968049379686,1.3362178983565463,1.2485018060498978,-0.4241375004742367
2000-06-16,-0.4340994326254154,0.015942535707376002,0.4315684011836692,0.44647231249958697
2000-06-17,-1.1243429182446996,-0.04177653971194301,-0.6342457727665699,-0.12223872264780535
2000-06-18,-0.34539299467220985,0.7522327258632991,0.17258335918402715,0.6009752055528851
2000-06-19,0.7311590332112261,-0.9420641212529864,0.6747861179238893,0.16361171753423512
2000-06-20,0.4127407061742211,-0.3215684171521537,-0.7213076367674554,0.3933378588864705
2000-06-21,1.243338280943667,-0.24089115573969364,0.7213643089868667,1.1188838048418535
2000-06-22,1.758322707841535,-0.5673201731648146,1.0839443041767438,-0.3713562996582584
2000-06-23,0.8498230680159176,0.15520289934271797,0.6392463248258465,-0.8354592631559112
2000-06-24,2.23069905840139,0.2271561687954252,-0.6138708658558941,-0.6586050706215575
2000-06-25,1.2186211305770152,-0.16310744797481616,0.18091801202564065,-1.3595250447588347
2000-06-26,-1.8568679766296752,0.45381091415486474,0.04927534478523701,-1.2961017198318447
2000-06-27,0.05210794753419247,0.10745089542850307,-0.33955749542477703,0.190022983540307
2000-06-28,0.042444353327190376,-0.13717503802690317,0.1623196092419329,-1.0210653587200749
2000-06-29,-0.12887767654393756,0.47293939713413474,0.32008423978067857,-0.3913292344497694
2000-06-30,-0.20014234788880306,1.34602736812205,1.0695387728310706,0.7617803746402992
2000-07-01,-0.5160941552043313,0.07851941748817637,-0.15054828857319472,2.5970528961587283
2000-07-02,-1.1655244124952606,-0.5283204291285046,0.7099030951768286,0.6647297324907322
2000-07-03,-1.290358823727052,0.696631759241305,0.18383624258450426,0.6883155983796374
2000-07-04,0.10526691807468648,0.9725207619524112,-0.41917786323368805,2.2232912966573464
2000-07-05,1.026685312188594,-0.7401557080114312,0.5847259602952108,-0.0523319265794741
2000-07-06,1.8163827353923025,0.5573174929181024,0.055334587290993595,-0.2906224231416999
2000-07-07,1.078397110707652,-1.3869013609144727,0.7523921075949683,-0.21760197612610083
2000-07-08,-0.03409986495030133,1.1894744227389829,-0.06370766658033529,0.8957561400191535
2000-07-09,1.0083887918954415,-0.1255480160654817,0.7113954652723088,-1.1593209485337388
2000-07-10,-0.2679042006562052,-0.5600785468740456,1.917562319111102,0.35201238769270465
2000-07-11,-0.2974658472064272,-1.126170657393207,0.16397868930274656,1.0942891011566467
2000-07-12,0.6332235433878514,-1.8022923876710426,-0.13336224174125158,-1.6555316180021404
2000-07-13,-0.7876986406715768,1.0275590479362358,2.0473378868451584,-2.2323527583001788
2000-07-14,-0.6041209466140145,-2.682852221922131,0.15156819925884116,1.0739560702885296
2000-07-15,-0.1732936411850148,-0.20547976181809646,-0.22835194379486476,-0.26005472806555235
2000-07-16,0.5125753779079648,-0.7970284171652348,1.5183542872393911,-0.18629638789941613
2000-07-17,0.9226035578362071,0.8913010417728886,0.31474791683874814,-1.2979672381707723
2000-07-18,-0.17635938647537222,0.3766940585375452,0.3800780266591964,0.712706184299376
2000-07-19,1.3907558742282813,-0.09321431875386606,-1.1049806564229745,-0.5652996582006405
2000-07-20,0.23252242847523502,0.5995186863489406,-1.4120878399228187,-0.28850706504828727
2000-07-21,0.280380069890139,-1.0626797473765506,-1.0103623928952252,-0.6167026555152475
2000-07-22,0.5625422240339885,1.0857959137407058,-1.4173733933695603,0.9751229057405906
2000-07-23,0.05645828066575968,-0.8679238942479366,-1.344010724628497,0.037695716385885286
2000-07-24,0.06277246924090922,1.443385471919747,-0.302587921028365,-0.35776246853921717
2000-07-25,-0.4710177563387292,-0.684059327732927,-1.1407379441052778,-0.2591122493627793
2000-07-26,-0.03846717842925098,-0.7928343035482223,-0.18043680966870576,0.49065687480399667
2000-07-27,-0.6269251002181138,1.3229478853718024,-0.5301696134507234,0.3377971815271398
2000-07-28,1.047756932294691,-2.494059184417353,-1.80101723505669,0.22377953227642436
2000-07-29,-0.9244318807720083,1.3675778492927917,-1.2025243662682694,-0.744048335977454
2000-07-30,-0.7546839306512725,0.2618069445856401,0.6653608743714344,0.7105839864050084
2000-07-31,0.7857347702928984,-0.7518259111968774,1.3848839784649458,0.7516301104758105
2000-08-01,0.8330792494423418,-0.9448035934318986,-0.42355460965737063,-1.26155901531752
2000-08-02,1.42736055537703,-0.9713603224050869,-1.138639442679018,-1.2218250172017178
2000-08-03,-0.013284145107868262,-0.19485191233210114,0.3603566129733034,-0.1572931129769465
2000-08-04,-0.6290941582335756,-0.5474033855236485,0.11631561865689867,-1.8447478296428543
2000-08-05,-0.6540877051749234,0.8743806844236505,-0.911381953389994,1.4430744031993155
2000-08-06,-0.14716166823434348,-0.05271437179126191,-0.24329650366626274,1.5563103097779485
2000-08-07,-0.0025057344607471595,0.6917321321915907,-0.2049334665511468,0.10774615294725934
2000-08-08,-1.849054174658766,0.9785707271211285,0.40418832453163267,-0.6878950827186473
2000-08-09,-1.0780681151158673,1.1416240942883598,-2.8287467513043554,-0.35451635408395377
2000-08-10,-0.6254084267215483,0.4752581820600014,-0.30250362198455516,-1.1851796897734626
2000-08-11,-0.9827439893023718,0.24479411482084482,0.35088353944042183,0.7311275241462906
2000-08-12,-0.3988331036718265,1.0808280046411218,0.2754334724562748,-1.0307711933370025
2000-08-13,0.6835336371637539,-1.2755591632182168,-0.09657070531906248,-0.07252434218993802
2000-08-14,-0.8001824151295069,-0.12028911233648222,0.378074018937546,0.41446924327960943
2000-08-15,0.23781093056633806,-0.5154055496648785,0.13732143805815444,-0.8764618756905319
2000-08-16,-0.1874560677925515,-0.2178874174532577,-2.3478133545879722,-0.10536981035686765
2000-08-17,0.995526946117671,-0.7123418485791456,-0.7616182036525105,1.2239610382305026
2000-08-18,0.7130067956381332,-1.2038843470268887,0.7100466600139771,0.3704557947995754
2000-08-19,0.10783334810807181,-0.36988578060053445,0.8276210994333126,0.7182075895018981
2000-08-20,-0.06571540557229053,0.6271488573327021,-0.010098581616822103,-0.5827844253385097
2000-08-21,-1.7398895305039797,-0.4012650683010912,-0.8467756602783095,0.8706828621569593
2000-08-22,0.7553459584019453,-0.013054595624410139,0.5988245050654621,0.12692449928729357
2000-08-23,0.6369009585681045,-0.9660367792490723,1.742515664862792,-0.19142558419599576
2000-08-24,-0.8461236128018782,-0.2564464131587483,-0.38623057759481316,-0.7112275827595153
2000-08-25,-0.5954813477844502,-0.7027253417629883,-0.34192109884213945,-2.201192131151401
2000-08-26,-2.6426576991146824,-0.2874728141012061,-0.5195353205568835,-1.8761712164015167
2000-08-27,-0.26060220111891036,-0.017036240337544716,-0.8593495873533321,-0.16951953892535793
2000-08-28,0.7891499779232573,-0.14829716209122,-1.4085003877847606,-0.06804804074141567
2000-08-29,-0.28095896045346463,-0.6331330978106157,-0.1580323012079613,-1.1015005612710218
2000-08-30,-0.7266172967438066,0.1622577785400262,0.5676654172498365,0.20257086659258916
2000-08-31,1.0297082386098024,-0.40213866634066736,0.12149752725387754,1.2295857585392185
2000-09-01,0.26717902585861675,1.7630574896882327,0.38625297955631754,0.6612606649219541
2000-09-02,0.4996839749907921,0.4021892707416311,-1.4657846600139093,-0.6387863160904527
2000-09-03,0.9599358037101381,0.6327615820232054,0.1447928424829335,0.015160252434209336
2000-09-04,1.3534052257330946,1.3410662576109853,0.13779945647188313,-0.7960129666424988
2000-09-05,-0.604993012439239,-0.9505798758024578,-0.5684105920555521,-0.9781692063501168
2000-09-06,0.19354526764502283,2.5979607188328617,0.16690465809367067,-0.918319413291688
2000-09-07,-0.5817218175843327,-2.2688126973968523,-1.1334451075265277,-0.9637284537639029
2000-09-08,-0.33048025672762465,-0.3316067600568458,-0.8774296216978091,0.8519916962544661
2000-09-09,0.9363117401979648,-0.8869712200607158,0.2686347616692332,-0.7472993623815638
2000-09-10,-1.0664922922096682,0.02672563117872122,-2.0035445854532696,0.466263429130836
2000-09-11,-0.8087275541543477,0.7161824932387497,0.6394984290969231,0.13952738451232696
2000-09-12,-1.08061615848201,0.8583722065956654,-1.3947433241848064,-0.5376078781000764
2000-09-13,0.8761562778925762,-0.42194697805212905,1.5868122792264385,-0.5788371308040506
2000-09-14,0.4007882306728254,1.6884470690706919,0.325875284903228,1.6347981133980256
2000-09-15,-0.544170164250101,-0.2327691681761804,0.7209780248647472,0.15251859875526233
2000-09-16,2.0036822914297323,-0.275129723886546,0.3117379721184656,-0.0060646350713500115
2000-09-17,-0.5885662093633341,0.03939983387753607,-0.318892185648124,0.08465533131455562
2000-09-18,1.4355921450840121,-0.057300348282150165,-0.11454562189058254,-0.2038722094537877
2000-09-19,0.2029660269780831,0.7464586719487574,-0.16797367130228344,-1.5302730953382342
2000-09-20,0.41652827127471725,-0.28079828222349834,0.3272476831084663,0.23561513006493165
2000-09-21,1.3179725354563132,0.744674516545662,-1.0511037451349678,-1.661831074077011
2000-09-22,-1.1363899491762728,-2.0651032613978355,-0.0939413634045348,0.9291338989309905
2000-09-23,0.5156349744185147,-0.6481141833728048,-0.33394068022907064,0.5535231258660221
2000-09-24,-0.291318154232477,0.622901352973275,-0.11840804822737942,0.5313502180860576
2000-09-25,0.17437687428138804,-1.6981249273025412,-2.6482170744649047,0.5928045011837285
2000-09-26,0.4496146091036748,1.3867936740248055,1.3776038668004211,-0.43631631525100306
2000-09-27,1.1780413637351723,-1.064725239287012,-0.2989989317683013,0.44533619316455125
2000-09-28,-1.1653714415401002,0.8324839069763964,-0.7359494356907791,-0.9279510118120115
2000-09-29,0.49354367489838485,0.987913148519058,2.7599769331672586,-0.9440245514785951
2000-09-30,-0.09563436531982004,-1.1792001831599754,1.2455620309369415,-1.8187433475547743
2000-10-01,0.6819269572891529,-0.3484915857110224,2.234608527140389,1.0531889460055652
2000-10-02,0.38216830036884186,0.18880783793719147,-1.1006970502361089,-1.3651852184807372
2000-10-03,-0.07284618606087781,0.39591066176225315,0.18912574747720334,0.902781771605298
2000-10-04,0.22835344024641732,-0.45564502196382967,-0.5154025870364413,0.7913974079829866
2000-10-05,-0.6936853568477428,0.6272345354940756,-0.47901561253286135,1.7733676428827039
2000-10-06,-0.022227635536980577,-0.003863493442607138,-1.0215699504860591,0.316175818869113
2000-10-07,-0.80269230420942,-1.2037113136821016,0.11582564016282307,-0.7941543917464051
2000-10-08,-2.46591980303148,0.872722117308182,-2.442808134910138,2.0684270465786634
2000-10-09,-0.6716676433224419,-0.9274290801576608,-1.2948400475882733,-0.32149754429034655
2000-10-10,-0.8184496530287311,1.2204467885794703,-0.11796709743989285,1.6176119750331612
2000-10-11,-0.748961072016627,-0.4645926351670653,0.9365606620668001,1.1301747736420928
2000-10-12,-2.2240473439851516,1.3264852946569983,-1.3167700925863381,-0.6006185660030375
2000-10-13,0.528074435400016,0.8236584365071096,1.1972117657558752,1.2358151273280593
2000-10-14,-0.5548446651127973,-1.1771311506388085,0.07425578271260005,-0.2679019137926155
2000-10-15,-0.2197432629020632,0.7421661811591236,0.49710022651568586,-0.48472425476009284
2000-10-16,0.7079065453528163,0.8630856894833706,1.373438754934925,0.17712869078916468
2000-10-17,-0.4808093206560897,1.2793793181704798,0.7641677878113866,0.22707093421926675
2000-10-18,0.6629671534454374,-0.45437349803863303,-0.1904209425800461,-0.24847151016757962
2000-10-19,1.4935076809613628,0.17282202193310453,0.6161653830020586,0.4237837654820191
2000-10-20,-1.4742508208112237,0.16448568011200088,-2.220090593883668,0.23568575298397834
2000-10-21,1.1088408880652667,-0.19485645978822413,-0.13967188265752284,-0.5644072057501803
2000-10-22,-0.022588710526567492,0.5318596644833307,0.047229837246681936,0.9899698939802636
2000-10-23,-2.62039301379845,-1.2442466850390184,-0.9553815896717295,-0.29242711396625837
2000-10-24,-0.29881057952636686,-0.9277978477286262,0.2565693871454557,-0.15604366775810002
2000-10-25,-0.34869306488735335,-1.4126869795867514,0.0731384918280122,0.19219375417508563
2000-10-26,0.7474855524291262,-0.4748564538215647,1.162036793964134,-0.5929195983291292
2000-10-27,0.24579745141925616,0.20733235073433126,1.7974163953540407,-0.884298584233145
2000-10-28,-1.110720001258546,-0.6877201992171613,-0.17689494390000363,0.1767596500150229
2000-10-29,0.2338673673584887,-0.207967476861705,-2.162508941278797,0.3383795161806508
2000-10-30,0.3976055120274217,-1.2069876136099793,-1.4142037477851188,0.46410071594856406
2000-10-31,0.5438971167346017,-0.14055394785087788,0.10042526038158318,-1.0264181527619525
2000-11-01,-0.5775606527192277,1.2977790253511925,1.0859390003713418,-1.0416177200064658
2000-11-02,0.952754554677507,-0.5969941381863698,-1.305557813392267,0.1134460478396922
2000-11-03,-0.5358272597957828,0.2615996138509199,0.6768568654518966,1.805426672065229
2000-11-04,-1.235491460584883,1.2531138559526365,-0.13209795027985533,-1.5841436953368364
2000-11-05,0.9287185187724217,-1.0951445367802468,-0.5110498184965909,1.2149589246917787
2000-11-06,-0.4038344661706489,-0.5300113738772855,0.9836382682776378,-0.8884119427282032
2000-11-07,1.1505510482947763,-0.46550709067947,0.7073483131680246,-0.45601361194926554
2000-11-08,0.9682516043365664,0.5980758880233713,-0.8724420824304397,0.4078864932376147
2000-11-09,-1.1584180990134934,0.9585977264456088,0.4308633803809487,-0.35793907136336867
2000-11-10,-0.7540033344411117,-2.4885234739961777,1.5179514393755882,-1.0270164778222752
2000-11-11,0.7356304836991983,-0.8416064785919645,-1.3813512010372777,1.210593316552703
2000-11-12,0.04785812468446369,-0.17330985374095328,-0.9345632163161883,0.0865366309363434
2000-11-13,-0.8013663388653921,-1.1204997568709518,-0.15276415594706264,-0.3881480392929646
2000-11-14,0.7518444717919943,0.11630121069327322,0.4673237174570426,1.986006105047811
2000-11-15,0.2662148499103908,0.7785184007166188,0.4245403568241552,-0.34265415306539754
2000-11-16,-0.38766841476752356,-0.6681824875393854,0.29331116122957196,-0.9530803194214232
2000-11-17,0.40293458516978936,-1.042892041192355,-0.160166154272174,-0.09236064975370697
2000-11-18,-1.6788057026630974,-0.10714322099679569,-0.7416082685684379,-1.6586061194431285
2000-11-19,1.8521980849535693,0.291153768023201,-1.4979123043496372,0.2414768693183886
2000-11-20,-0.3274731470329137,-0.39534803074261465,0.6122437307774216,-1.0178379621800757
2000-11-21,-1.3264517804962217,0.3843193453357398,-1.6625409662511201,0.5156402234119529
2000-11-22,-0.2850550731637591,-2.687847022108907,-0.7956616144720294,2.029124955622597
2000-11-23,-0.16693887631227097,1.2903590218461898,1.1571170749032587,-2.0102281873574976
2000-11-24,-1.096728567790247,0.17314160766017372,-1.8173800526876362,1.3073486545916253
2000-11-25,-1.1584237295218525,1.020407638323525,1.3884241766767467,-0.18229243406051887
2000-11-26,-0.4199234945915755,0.011055086480530102,-0.04739089386800484,2.302198202553052
2000-11-27,0.04058604846782207,-1.0985929713647533,-0.2733455888983093,-0.2540996211376334
2000-11-28,-0.3951261717361962,-0.31588947598983097,-0.09169278886620079,1.7933468672986055
2000-11-29,-1.5466993824435873,-0.2587124736353365,0.12449468504755432,-1.405276686117645
2000-11-30,-0.5710818369151682,-2.1733154991094947,-0.5607442810869369,-1.7329770735168881
2000-12-01,-0.7175026417484449,2.1560166954135194,0.548146325230351,1.6261745640083465
2000-12-02,1.4951917422257086,1.2863052407857107,2.9949107147369465,1.8297537952656633
2000-12-03,-0.2204592943205953,0.01476646893483465,1.1226515385358977,-0.6030976618266469
2000-12-04,0.037901478523226215,0.19335876184778056,-0.7929505582042554,-0.730937024554644
2000-12-05,1.0938313066918526,1.1419349861776076,-1.0750324240558224,0.749699900486545
2000-12-06,-1.1219994123682409,-0.6014092168980002,-0.22716804270136942,-1.767408225647501
2000-12-07,-1.585376699706903,-0.5849738060632358,0.5886325860601793,-0.9195139573287139
2000-12-08,0.5058051159128228,-0.7239280673355711,2.5165338647718842,0.9927025537910167
2000-12-09,-0.7568665023373917,-0.5481908599288344,0.39580848813795205,1.058695962087343
2000-12-10,0.8512822104232398,0.5390761541585639,-0.8532813069801292,-1.1672603649502171
2000-12-11,1.2606980301967505,-1.159237388444683,0.17780409349855392,0.7411682302260515
2000-12-12,-0.6862364874081889,0.6039992227275514,-0.1541152109765743,1.0433721732887722
2000-12-13,-0.7374498673750249,1.1808530455889765,-0.8369546808135792,1.256709351860071
2000-12-14,-2.0922651979444686,1.0803328975929758,-1.3220501260430837,-0.05728277518778589
2000-12-15,1.119245535305233,0.14160549821790908,0.15447657837333378,-0.07985318801937169
2000-12-16,-0.5668919048434641,-0.2999012832159617,-0.6775250343839441,-0.41355930976652755
2000-12-17,-1.2843413734607243,0.31161033025706697,0.2760054598404513,-1.7710188746578996
2000-12-18,0.10701896169400357,-0.039133618549151435,-0.758072756562794,1.23869707560795
2000-12-19,1.1705907799560247,0.1290013522525247,0.4955110295221718,1.0698129663171088
2000-12-20,-0.6227927572408627,-1.5720455578319046,1.3378762927603376,-1.8183107056761725
2000-12-21,-0.3786695995183096,-0.5309666846305755,-0.8265115650556999,-1.4221705779441844
2000-12-22,0.3939281585494139,0.5902186847278291,-0.8046373037258144,-1.170996355923051
2000-12-23,0.8928655899876061,1.0955998926943198,1.3425081800801832,-0.3709711908139618
2000-12-24,-0.5841007861071511,-1.9762701259770679,-1.3318990555951133,-0.04847400930787852
2000-12-25,-0.7665290220507273,0.3963966583580963,-1.5716336469837886,1.0310657716589677
2000-12-26,-0.2791852708414045,0.5295795278186184,0.8520738413494964,-0.28904708444831184
2000-12-27,0.501588604123157,-1.788089725129155,-0.9945999961834054,-0.653481057472507
2000-12-28,-0.48894769766053636,0.6219105883871721,0.6696153755808645,1.018290691415321
2000-12-29,0.37943523191065426,-0.8971854924219836,0.44717801813646213,1.1002146443630456
2000-12-30,-1.5370657121335498,1.2994591212577884,-0.6787371337648903,1.1902347341863058
2000-12-31,0.7292196034299745,-0.058796587086142486,-1.5343416851075102,-0.4756346319260015
2001-01-01,0.7968433845633256,-1.1764304459797292,0.5982644387151235,1.243648470276723
2001-01-02,-0.5019669431924676,1.2778577681026004,0.2047675606797535,0.6111973744145459
2001-01-03,-1.0696321749009865,0.8882229753937082,-0.32685266761750437,0.8835666549204264
2001-01-04,-0.7233074066501748,-0.751751586204287,-1.8675442174685795,0.6251111562538118
2001-01-05,-0.0027567034602908325,0.019016530622680494,1.4146062845681708,-0.15776470446366325
2001-01-06,0.7516604039622155,0.072066752572661,-1.3970326714213126,-1.4630540100434615
2001-01-07,1.9847031282028356,0.4932383786189463,0.23969081118879937,0.2882854748747164
2001-01-08,-0.1317166114020305,1.7479671624087645,-0.1349171391295263,-1.3527510019133224
2001-01-09,-1.3669194880747928,1.212508935783531,-2.4786073213428867,-0.2433793321525731
2001-01-10,-0.6337712278802793,0.4518652455237301,0.04592268901177396,1.9033065918418286
2001-01-11,0.05062231712956532,-0.8541960169438275,1.2017169302487594,-1.405218188085104
2001-01-12,0.5073857128868902,-1.5678158623699692,-1.2593302201305365,0.2139791171825421
2001-01-13,1.5188667215818068,-0.3836675839516043,-0.45551259239354885,-2.2459800422386573
2001-01-14,-0.4104017618772175,0.4545622260085596,-0.4063940081901841,0.20889284790127305
2001-01-15,1.0226001372176268,1.0535342074336365,0.7840096565739495,0.2953165892178201
2001-01-16,1.0119310970569857,0.9041406401516637,0.18004973161545584,-0.23242401920491204
2001-01-17,0.3439251542161024,1.5335374349417663,0.23460155891848772,0.4094635488572031
2001-01-18,0.31773061360822297,-1.5765864993798022,-0.13056710804476884,-0.4855700322654315
2001-01-19,0.35776815025719033,1.9024020417116796,-0.9701675588382979,0.2552511336680514
2001-01-20,0.7160173688241753,0.5908229768987971,0.6834291784987545,-1.7794103123011336
2001-01-21,0.7645851074971783,-0.37786550784703843,1.02452446615088,-1.3217551547910802
2001-01-22,0.8870756794636955,0.10143850151413919,1.3880208021782217,-1.0837413831830138
2001-01-23,-0.7349515045468031,1.0132560403924225,1.228525788907962,-1.415811042706845
2001-01-24,1.3008642964015746,0.41826733085546425,-1.4368566858984857,-0.26982404256356524
2001-01-25,-1.4894268983398335,0.7378234392945202,-0.49300244083882494,0.47473521445806216
2001-01-26,-1.042454428364478,-1.8744146025286346,-0.6766817011308965,-0.49224854426597625
2001-01-27,-0.3384447974868153,-0.16058098981937302,-0.9182354473960652,1.1505210217768038
2001-01-28,-0.06856400510860783,-1.321125569933752,0.3274486225826999,-0.8923019805172884
2001-01-29,-0.69582212303936,-2.1153184899274082,-0.6674662412152608,0.37071912113592276
2001-01-30,-0.6491247048559594,-0.06355842710899241,-0.8682291446479363,0.3151902879755189
2001-01-31,-1.124196739801908,-0.05801480834518596,1.5293042620369786,-0.017893485319755945
2001-02-01,-0.41368803930854875,0.49563340991462285,1.3877645496487372,-0.729407214123647
2001-02-02,-2.678524923203517,0.27814932407702675,-0.29356869605397784,1.1743445681581504
2001-02-03,-1.6620033788162067,0.2309646060554109,-0.33079205116299304,0.9406400358612809
2001-02-04,-0.094602590445411,1.0530081455363218,-0.6946147090909934,0.06410353206082572
2001-02-05,-1.8351912973072837,-0.8576455882092109,-1.0310555654840512,-1.2724352106387462
2001-02-06,1.2359848980019807,-1.8643001737113265,0.7461458305947325,0.24142509064409443
2001-02-07,0.2656559360403209,0.7624232298001152,0.09220460483456426,1.4023384179925518
2001-02-08,-1.161591409912624,0.0330474275890911,2.2333548009884567,0.33760186124366426
2001-02-09,0.7062390863810056,-0.23799558674554858,-1.3543188982918952,2.0619814185620724
2001-02-10,0.4118117502588516,-0.6322660339292457,-0.06907212365886807,-0.76144551892056
2001-02-11,0.7853804238298538,0.37999997418246895,1.4014869339397444,0.03126040354656571
2001-02-12,0.4181095534654357,-0.19799614988087344,1.2999078942272702,1.5611909235039283
2001-02-13,-0.26425268439081384,-0.011835590406469036,-0.00846783452154155,0.021724691979472997
2001-02-14,1.6468479820997508,1.0702927987866775,-0.4770339032214698,0.5429738174377786
2001-02-15,0.5682468562743884,-0.9574089295027054,0.5399354826693706,0.9911694014030207
2001-02-16,-0.26016911825228217,-0.20115731692081024,1.203154077916275,-0.5027936866420285
2001-02-17,1.2382685930820434,0.6660222825771164,0.2719266299948393,-0.0724711299788488
2001-02-18,0.6841207106899616,-1.9075167867323133,0.6941686089503835,0.635320132383105
2001-02-19,-0.7817522498596148,0.8218089671403442,0.7136077416918456,0.5762708640650814
2001-02-20,1.3325672132525854,-0.413827677667552,-0.8444652291346714,-0.00981943303797437
2001-02-21,-1.9235033358799294,0.3439665244974473,0.02662070927052576,0.017168382397056797
2001-02-22,-0.2298592574521249,1.588115301975651,-0.1939464019505882,2.1850102697696823
2001-02-23,0.7435341297685211,-1.4772662421529046,1.1858555696920103,-1.7091881079872837
2001-02-24,-0.6839899500565304,0.8086358747335755,0.36877149951515403,0.2281630376322908
2001-02-25,-0.19626999034328177,2.695978552566132,-0.39332664764524994,0.44124161046690147
2001-02-26,0.0883952318801012,-0.8007650758052121,1.0589886198248004,-0.6963449417285272
2001-02-27,1.0185272771773524,1.379011146513477,1.162888716680659,-1.5068825092402331
2001-02-28,0.5007038493385721,-1.2800147572807838,0.6630234183948166,-0.49285881270108883
2001-03-01,-0.20754334210484218,0.8920247134632293,-0.9527695256490509,0.35237421726740725
2001-03-02,0.5196288861108185,-1.178034534416099,-1.3013972088773116,0.385845558378004
2001-03-03,0.049769879606502775,-0.06502152785789025,0.5660973035927955,-0.012066709252130823
2001-03-04,-0.9146800907203383,-0.13808343085505279,0.5066532091156637,-0.5399745534896293
2001-03-05,0.35461393724844614,0.4840063767728727,-1.4315813341457604,-1.0197589048891522
2001-03-06,-0.2280172979593841,0.9682741473436252,-0.23246024291115025,-0.5023420588143339
2001-03-07,1.1244296408898429,-2.5870790335596285,0.41899119407009405,1.06419924133613
2001-03-08,1.4207400214690415,0.10470378396265458,0.26728041006403697,1.0355177750285813
2001-03-09,-0.2641364541654298,-0.6572207330769281,1.9294611987409722,2.2200383571549205
2001-03-10,0.06903728753911699,1.3710551721493243,0.22006729224951144,-0.2206082283067596
2001-03-11,-1.4535639831541862,-0.36588398319594956,-1.3424821492937848,0.005299096422192749
2001-03-12,-0.7508049702138091,-1.0911132985747234,-0.5336996400479713,-0.9831902380132075
2001-03-13,-0.030226587480129907,1.362072664174869,-0.30872227337470676,-0.03306445437923103
2001-03-14,0.39847637791341506,0.19004579904954685,-0.05785884264726318,0.5144774239872519
2001-03-15,-0.28609827992997866,-1.0421101791868865,-1.4646324253344503,0.48446407260605423
2001-03-16,0.4804978616806935,-0.12222251167231256,1.610840966692806,1.108727158148617
2001-03-17,0.16441780561684163,-0.110331828453155,0.5405967686814739,1.2887160389837022
2001-03-18,0.37536623010116843,-1.645686809411391,-0.2194245159937289,1.4131272001905049
2001-03-19,0.18770515385144307,-0.9121996826141753,-1.7287058498114427,0.7348139831019467
2001-03-20,-0.9614838619892454,0.4143336795332037,-0.297117907714262,-0.279539461984402
2001-03-21,0.10102269222843818,-0.9485277286308468,0.7954359196205921,1.6463592594999263
2001-03-22,1.9752765300279171,1.6729065961926906,-0.11312130336709067,-2.388107916857354
2001-03-23,0.06633325116454308,0.4922953014816086,1.6708869272103355,-0.2861031190675166
2001-03-24,-1.175823153931174,-0.737587059460462,0.08407511011229184,-0.4790903969443268
2001-03-25,-0.4986274966083821,-1.9221209224703562,-0.2041598261816547,0.3405141727260707
2001-03-26,-0.21516148783756903,0.5910696238358165,0.7429806423731434,0.4956926759777182
2001-03-27,-0.0966688969704082,0.011914410389955485,0.8595357211582573,1.358161134643114
2001-03-28,0.9680594474893897,-0.256577632212388,1.1935841471052178,-0.5142158694048627
2001-03-29,0.9830415580880808,-0.4199792205566696,-1.1829476387594628,0.8990135107471987
2001-03-30,0.2097051973063165,0.418087765776807,1.1750815403417412,0.48478454828372564
2001-03-31,-0.3328382213518875,-1.43640345613,-0.8788589788044358,-0.7455301510194327
2001-04-01,0.21650121757686006,0.28061801052795543,0.5118242138376942,-0.16300553982167834
2001-04-02,0.30914648113649773,0.862894249988757,-1.21318805482963,0.4374879717761463
2001-04-03,0.1929515680439907,1.0969146244442989,0.776850215840636,0.24694673059000047
2001-04-04,-1.5839966527472196,1.1466966472232354,0.40451921487643344,1.4098185195709005
2001-04-05,0.954097728077321,1.902862593557859,-1.7123878015384326,1.5215065603819804
2001-04-06,0.21877342312595505,0.4558416898645268,-0.23793190828093136,1.742083460943241
2001-04-07,-0.9691247120534712,1.1398994251206993,-0.7987966869015117,0.31679685377566125
2001-04-08,0.02943537706574925,1.8305787385081176,-1.2911794297544508,0.2688887407108892
2001-04-09,1.2751821296222683,-1.61968725723976,-0.34272606288138624,-0.5915508147958067
2001-04-10,0.6505950032854504,0.1322538474135537,-0.7314090719592914,-0.8052107726171805
2001-04-11,0.27628588461297876,-2.2273757647953034,0.8053746946421212,1.3143834079215009
2001-04-12,0.5388185162936276,-1.1682864094162475,-0.8610947279682963,-0.3100968474830326
2001-04-13,-0.3855637216438201,-0.1371912567044999,-0.08626097860807064,0.4183955643638132
2001-04-14,1.074269684798571,-0.06713466490106935,-2.197012165367216,1.2998276437898992
2001-04-15,-0.15796303075446366,-0.07177510150277722,-1.1838503315702789,0.07722802962469402
2001-04-16,0.05963377067169344,-0.8060159937969957,-1.0523378942759722,-1.3307633774713958
2001-04-17,-0.5113157763297318,-1.7858790338195112,0.6803930580638127,1.4857821003484832
2001-04-18,-2.7230904838615198,1.4624358189512576,0.39906893792195763,0.16353305175008814
2001-04-19,-0.15445815343278507,-1.8588504073437646,0.39950627563643365,0.32984466736883744
2001-04-20,0.36102733485648686,-0.14874820699369995,-0.6884025374546157,-0.10383028978699163
2001-04-21,-0.16851271094384968,1.2680310528518113,1.3909714793888732,0.28400958606038373
2001-04-22,0.19828952528271881,0.5102019018556629,-0.3552499759727206,2.653970216602464
2001-04-23,0.482339649702029,1.2646857589201166,-1.4901501276323814,-1.1286117818042023
2001-04-24,0.8422285955819137,1.3104606528592762,0.31226773199727287,-1.0192472802886692
2001-04-25,-0.8563190210304272,-0.9614866803523989,1.2338813433871232,0.21893346559989912
2001-04-26,-0.28211888833899096,1.4024121232583229,0.9469248446759047,-0.5289840220588443
2001-04-27,0.002939630178925272,-1.691614477675903,-1.4286537061630795,-0.36070511178589754
2001-04-28,0.4446950862115762,-1.3966138191954163,-1.8825949274293454,0.9933295648286212
2001-04-29,1.3307087410528677,-0.9128582968154428,-0.9481408809508978,0.3164951884447445
2001-04-30,1.280624431759794,0.8223428558504794,-0.9742918834151254,-0.5019640748926097
2001-05-01,0.15046101301467626,-0.8206790509061682,-1.7402369747111586,-0.5885501260868007
2001-05-02,-0.7986795006803451,0.19053595283928806,2.4069637148269654,-0.37219235539007495
2001-05-03,0.4970252387537205,-2.1220332024665356,-0.4907146524638884,0.26616888940388317
2001-05-04,1.1476652447330495,0.21790679365392074,-1.348595294773138,-0.21663596369877847
2001-05-05,-0.46352107474425797,0.6633298179152843,-0.15182354603997758,-0.5035122979905796
2001-05-06,-0.48434156790741295,-0.6674727655784695,-1.6811399788123844,-0.38296572700714193
2001-05-07,-0.057341442486887,-1.9649658104431842,-0.535457274225675,0.3792592485894127
2001-05-08,0.3343824609532503,0.22132152956686188,-0.15704834526095532,1.122090176135781
2001-05-09,-1.3458630580704856,-0.5858377565863592,1.6034425267172407,0.25817947536126334
2001-05-10,0.7673672300088218,-1.0921992299189445,-0.46091672733844014,-0.9636923399393438
2001-05-11,-0.9715775048045401,-0.013683839571880501,0.9948315664270183,0.08378483085246002
2001-05-12,-0.42214802602816676,0.7642155213209404,0.6005444835304151,0.380584577477309
2001-05-13,-0.3671978055997191,0.4382326757233703,-0.47704570276585784,0.44851421314618384
2001-05-14,1.215320235273072,0.8086033130217682,1.2977488980090428,0.38558441264367094
2001-05-15,-0.6717583307108429,1.1642455386565238,-1.5449842499652633,-1.3344203583349272
2001-05-16,-0.06439890559488519,0.33880850518766786,-0.03249101595008458,0.10779289041861242
2001-05-17,1.6519307425369538,-0.5124484542630983,-1.7601519933289913,-0.006789486119669285
2001-05-18,0.2001868060693845,0.6661530866161027,-0.3534798633875055,-0.9168742174860606
2001-05-19,-0.25313324199348214,-0.3935365057817346,0.3454981163449572,-0.392582596417258
2001-05-20,0.7200246463101253,0.8932889095652761,1.6068990910638117,-0.4800071880434896
2001-05-21,0.8645753846312635,-0.9099448055634798,1.464233756640307,-0.7762961894763103
2001-05-22,-0.954007762348626,-0.2698578432130253,-1.2270411332559223,1.3492895730663077
2001-05-23,0.8580527816290937,-0.8823367010084784,-1.849536020520169,-0.45963042234905677
2001-05-24,-0.543653592078176,0.12267957661121413,1.1200398210791127,1.3530692629345933
2001-05-25,0.23221508323827608,-0.11937164055162948,-0.43176635802724245,0.5025112938056636
2001-05-26,0.47324259201255625,0.5126673369637883,-1.6477348128353266,-0.8481652047024371
2001-05-27,0.7565246251398025,-0.39147160015981114,0.6922035871696964,-1.6597418515841234
2001-05-28,1.0563839471039962,0.8594360004136188,-0.46348702501012856,2.0352403462708377
2001-05-29,-1.446317951168225,1.499306880664394,0.7648595955746512,-1.3057802886914538
2001-05-30,0.5117710829269759,-1.1846992363309778,-1.0013607479283262,2.969380217706755
2001-05-31,0.5459067632593926,0.8790622556255318,0.25014733975358966,0.01770589798513158
2001-06-01,-0.891074376806159,-0.38405846185160014,-1.9118785338636957,-0.43802500682147566
2001-06-02,1.0858884249273855,-0.6626698601294323,-2.028648820497654,0.8529112616438327
2001-06-03,-0.40655832659523006,-1.4796317590880737,-1.179036189965127,1.2261809227116596
2001-06-04,0.34289934749041595,-0.786730161210937,0.6149956184594373,-0.7485309510100916
2001-06-05,-0.11594568028916878,-0.8940286695206392,0.6745949958390692,1.5593630058239545
2001-06-06,-0.689117988824138,0.42357969130140916,-0.37157170923048316,1.5590385647226108
2001-06-07,-0.3132489728609718,0.03888332277864349,-0.9966026643475535,0.8176508752486271
2001-06-08,0.14748131256623692,-0.44116405751274035,1.1083001484130752,0.17002663451025263
2001-06-09,-0.5429725543830795,-0.40240242600092363,-0.18753791539289782,0.796971439474153
2001-06-10,0.5125924242481779,-0.4930125690390349,0.13118420329134678,-1.653146676576247
2001-06-11,-0.5164067439264696,1.6704769515688427,-1.845603327048984,0.3281749227747748
2001-06-12,-1.4803410716235157,0.15966452309740586,0.8872232413779991,0.3153978926675286
2001-06-13,0.437569182414147,1.3918689894374472,0.12882215368661595,0.004359692031574067
2001-06-14,-0.5596847479740045,0.055811359143553806,-0.020589855517556363,0.38425250711435427
2001-06-15,-1.3971195449441716,-0.10789785893285221,-0.1367844302749526,0.3182206888452902
2001-06-16,0.8517122177546879,-0.2570601910789632,0.8265954751201173,0.37600066288801626
2001-06-17,0.9534639081082764,1.2280436861236275,0.5376473812685706,-0.5530950076377628
2001-06-18,0.43154766825265045,0.2612087022369248,-1.5774191220681626,1.1133506481085105
2001-06-19,0.14823590326574412,1.323159135120228,1.1089381327093026,0.9943944890235611
2001-06-20,-0.5551614016409941,-1.1503977451449507,-0.1206163664347775,-0.314992490704824
2001-06-21,-0.9239001912227658,-0.3700979414188591,-1.0907292550512153,0.2661647991898451
2001-06-22,1.5691136479828756,0.45341542778341054,-0.16970521011770207,0.4739930557275969
2001-06-23,-1.5932198624509695,-0.0923902936420872,-0.719529992127361,1.1728613932333891
2001-06-24,2.304019554759669,-0.1375755032861055,0.8087504760725844,0.16202005942465816
2001-06-25,-0.7272714652739001,-0.7733613274137164,-0.02111895767413575,1.173767254565578
2001-06-26,0.004734670729929439,-0.6928883748728989,-1.7029388619928727,0.4175065148209506
2001-06-27,-1.1548046387544635,-0.4156882163673656,0.4385217902974244,-0.1486220099441269
2001-06-28,0.12306083706460598,-0.3438313089348899,0.768869368278775,0.5302616708675262
2001-06-29,-1.4126678560261494,0.7526738053007176,-0.6822535517990931,-0.14594551691668278
2001-06-30,0.37383264227339946,-1.3144807580616462,-1.6809185689670436,-0.9124656212742377
2001-07-01,0.8870885148575887,1.2025724530130364,1.037717178299679,0.7568251573108628
2001-07-02,1.1434081676745467,-0.4648181430880069,0.5740451177179559,0.3251844150608619
2001-07-03,-1.5907270451307427,0.1149546284028791,-0.6432345475526291,-1.1890371910479607
2001-07-04,0.1506343331672955,-0.6823990368099755,1.345996431058478,0.4922765858193457
2001-07-05,0.08511066547275642,1.3331213120720635,1.680116637027061,-0.20671721748951125
2001-07-06,-0.6494176823251613,-0.04047244975752928,-0.733293688373016,-0.7912098839550132
2001-07-07,0.6025296122369362,0.3800467045707357,0.4772262215674875,0.7562115517227209
2001-07-08,1.2454680473785924,0.6607213634728591,1.2858989788335975,2.1415985197111556
2001-07-09,1.0824564090598172,2.067001180037889,0.1188842669650212,0.12250812972270204
2001-07-10,2.841206109816167,-1.2813896236267246,0.651749158318553,0.16000649464855718
2001-07-11,-0.8410755843609904,-0.5847024900422158,-0.6118887207390971,-0.3135920283548611
2001-07-12,-1.2823736558513101,-0.20664060383886987,-1.3235642738377416,1.493107230530308
2001-07-13,1.0086507157933613,2.5705933801886056,-1.786932887844657,0.2774518398909535
2001-07-14,0.41025124124553125,-0.4131666911067517,1.7696795316351037,0.33230085132519016
2001-07-15,0.2896567942275644,0.8655741586460826,-0.33727961884638447,-1.0596078489664675
2001-07-16,-1.3606030626073975,0.10744486059011733,2.2379637806018704,0.8450399042380287
2001-07-17,-0.02569575837331921,-0.661154462410976,1.0739377932338858,0.8422251351298595
2001-07-18,0.335769279228579,0.9921919067060524,-0.529568273374076,-0.024767325259762593
2001-07-19,-0.4156034125774826,0.5538126508655143,0.8339593964866164,-0.31987730931894054
2001-07-20,-0.03979369612241237,-1.272788268484104,-0.5855684779406255,-0.3635015817848693
2001-07-21,0.0012439667341451815,-0.6509470580529974,1.272030307542354,1.9369978953718625
2001-07-22,0.47821513517246517,1.5548119213985143,-0.10221115877483632,-0.20128049254983507
2001-07-23,-1.1446644038495282,0.740595874945264,-0.04112229360182155,-0.6603068178484993
2001-07-24,-0.34869292431953336,-0.08884472363321935,0.04793970836750298,-0.8219586383016584
2001-07-25,0.12643944334207352,0.11693542552756583,0.8680475108261403,0.458895171949834
2001-07-26,-0.03975092842918253,0.6541718493580317,1.5431544092595404,-0.8309215457869917
2001-07-27,-0.44230077140107865,-0.5700004532855739,0.11353338913542932,-0.7083199388299994
2001-07-28,0.6579179530975765,0.9899937336745359,-0.22767293096135527,-0.09446965719197242
2001-07-29,-1.9661472114148864,0.28686704995615625,-0.2099656035788999,-0.9814790361382308
2001-07-30,-0.3156897080498719,0.6591297381863568,-0.7637071535172731,0.43313003821399815
2001-07-31,0.3966893695832828,0.31820907590413006,-2.0742001066095863,1.5062627395017758
2001-08-01,-0.24587455005364836,0.6640288533407916,-0.5705772319147261,-0.29688869139228335
2001-08-02,-0.6719954523832675,0.6436027763840287,1.2720097536954889,0.42698274547005993
2001-08-03,0.41047386500632316,0.01888625607392758,0.6361829577504581,1.1495695148717713
2001-08-04,0.5836520068352027,0.7068607435546035,-1.1533690513713928,1.1565587801274788
2001-08-05,0.21304015820719374,-0.5585063257255464,1.1245680858166132,1.560087430521001
2001-08-06,-0.6525709964480915,-0.07986016506006992,0.825999843104761,0.6214475449704765
2001-08-07,-0.583047491462072,-0.34020528201698336,-1.1240177710851402,-1.5759756564869896
2001-08-08,-0.06879117649736187,0.3586618727032954,1.0930466011543842,-0.1446708575454035
2001-08-09,-1.2762694927484435,-1.503654515922351,0.5124795320690814,-0.6609916706636354
2001-08-10,0.5537129160451701,-0.6975100381527927,-0.7414034252218646,0.7887529107212009
2001-08-11,0.8761488080671698,0.40373612874954345,2.3460104065956604,-0.8768248602297671
2001-08-12,1.4282582825188181,1.5936547118789983,1.6475205418142114,0.6187135750749535
2001-08-13,-0.18629452179176667,0.5717967982234623,0.1367175052682247,0.39876031295779174
2001-08-14,0.1775502749550761,-2.5775885512529597,-0.8972413345215022,0.7866477982828759
2001-08-15,0.3167926064841661,-1.024438217713959,-0.08325947255281284,-0.5087526811960014
2001-08-16,1.222496470404836,1.821861756348078,0.918461265459916,-1.043886068940739
2001-08-17,-1.0378471646880485,0.16250456887915343,0.03462793550548999,1.0000192906808634
2001-08-18,-1.4312325057768553,0.11723275034647225,1.24615360049056,0.9170687000117738
2001-08-19,-1.441674025345093,1.5696697081352653,0.6207821664317412,1.2090160669163732
2001-08-20,-1.2258175180858695,-1.0995767311423414,-1.4347751375040647,1.4695263821577031
2001-08-21,0.7459049590404135,-0.9942174552883233,0.6219090997117265,-2.1696899652057797
2001-08-22,-0.9838063980257575,-1.2228281474586065,0.9755522620904016,0.34708547966253017
2001-08-23,-0.040421781411306,-0.5946693397926156,0.35593222186787116,0.923238130273438
2001-08-24,-0.4248153948367633,-0.8248092271898462,-0.9423278422487705,-0.7237443255495759
2001-08-25,0.11959863530618862,-0.3894186637632342,-0.1257877748207445,-0.9504686694369782
2001-08-26,0.39923223465685637,1.15686023350602,1.4165119672334368,-1.3723112185033561
2001-08-27,0.6232020730113481,-0.16241882947812056,0.06642748390511949,0.4442048888592211
2001-08-28,-1.6405806906500293,-0.06903834707612805,-1.1278931227744302,-0.5340219253381226
2001-08-29,0.026600912022192672,-0.3375309711906679,-0.8792017988221756,-0.24230085367768422
2001-08-30,1.7615308623405808,-0.5996506051999329,0.8069058040629062,-0.40087156053559747
2001-08-31,1.4053585830187134,0.40689346425746586,1.0938909779434114,-0.5729707252142147
2001-09-01,1.9856834009167714,-0.43536027024410506,0.20731828935425833,0.22087454964570896
2001-09-02,0.4859920064449554,0.3955418535319649,0.1657342989396599,2.029794013663902
2001-09-03,0.27683892726079357,0.19732784787937666,-0.11146865575603314,1.0039540814643422
2001-09-04,0.4437577714272577,1.2443245004630383,-0.8948632685642731,1.061525507778553
2001-09-05,0.3562801457459015,-0.9109755111213507,-0.6352448960534947,1.1207207674672337
2001-09-06,-0.11992638310440039,-0.3948673566378606,1.4381681782302624,0.5132763975358515
2001-09-07,0.4115643443581575,-0.8239683791750269,-0.30753466191022405,-0.9881289504517902
2001-09-08,0.13531528720173247,1.234179181148207,0.6502413357671404,-0.7154939353657195
2001-09-09,0.17689463315292647,-1.5437732306452503,-0.37750672472751173,0.4843731623054908
2001-09-10,1.2805224877595198,-1.7061620048125352,0.512697188366363,-0.8434943514490014
2001-09-11,-1.1003246074897988,-0.3956992607325392,0.12469364108003861,-0.581470045707042
2001-09-12,-1.9792333260153745,0.3692581278588914,1.192853508545001,-0.5731713677327328
2001-09-13,-0.5376232698193214,1.111966975720317,-0.9955413862644998,-1.1378551421307654
2001-09-14,-0.43425235778247445,0.5829312891848958,-0.1758099602610396,1.8570297443627286
2001-09-15,-0.9671192599621051,0.016104637916391867,0.5304251155521467,0.08150890701177446
2001-09-16,0.5460241182645773,0.6871122112442194,0.6566061211895272,0.7042247030167231
2001-09-17,0.1233309005584703,0.9334955938507169,-0.7293332600121656,1.6292039737801374
2001-09-18,0.032261156958701534,0.3863420051711676,-1.4502816732492316,0.5447668504971352
2001-09-19,-0.25902398640339164,-0.37813098673493584,-0.08625217943598427,1.9824814124137156
2001-09-20,0.7410946448879063,1.32067953420977,0.8001829917087099,-0.3045748500188489
2001-09-21,0.6853933825013968,-1.770472055269847,-0.2585203759403708,0.1714238929649253
2001-09-22,1.2518508402392345,1.1406689468685662,0.7095494871983988,1.4243550448656597
2001-09-23,-0.06001052924863016,0.36535839352006716,-0.1693886289504026,-0.783365081730652
2001-09-24,-1.9222728278005374,1.732551941739583,0.8540020114974047,0.25397633182495677
2001-09-25,-2.1682538206054702,0.1629349468296752,-0.15718903664698947,0.6295667683628372
2001-09-26,0.9665164693539832,-1.0325064238788624,-0.8783207985829751,-1.2099720892973904
2001-09-27,0.342646682923713,-0.5660675393535861,-0.9617514958584187,0.01369054064883547
2001-09-28,1.4153484151609126,0.4176763046809697,-0.16434699299535913,-0.8056350845135914
2001-09-29,-0.34031222974280145,-0.2551303201516268,0.034503416344637376,-1.7107749383802018
2001-09-30,-0.7838784238850113,1.4817970007269679,0.306186100009407,0.8040084494850894
2001-10-01,0.05556387597350824,1.0641570307436763,1.2826850896538189,-0.17218805540784904
2001-10-02,-1.0533172831223838,-0.09751218752737774,-0.7307111182178966,1.7680079115006244
2001-10-03,1.083415158918492,0.08779759516037393,1.872040727556111,-0.35499601252273133
2001-10-04,1.208911557683363,-0.2439789504556179,0.12272070972234961,-0.8410764971224828
2001-10-05,1.0787970301474465,-0.5864966645895832,1.1672339655543935,0.3859479920235131
2001-10-06,0.9737196559694508,1.0392210947597667,1.220410932369103,-0.8280365515599383
2001-10-07,1.6196237989564983,0.5066874817180106,-0.9087806359762854,1.0487697506652436
2001-10-08,1.1594657820422398,0.34077576596675896,2.15499965041416,0.18437191885460705
2001-10-09,-0.5862326652309072,-1.3610372667664465,-1.1477859953498333,-0.5095741200097504
2001-10-10,0.7841228334796606,0.06581399875309381,0.14646367417182485,1.749329317334495
2001-10-11,-0.5788254672373974,0.32802122522006333,-0.8611494910998491,-1.5351160054281858
2001-10-12,1.146587874331594,-1.562803214139054,-0.28309009704119903,0.26787437475471265
2001-10-13,0.2075032123352468,-0.34824623952653466,-0.18811069969406308,-0.6064481678985526
2001-10-14,0.9277501794724997,0.3301887361834385,-0.5359671143101749,1.9222995817054955
2001-10-15,0.742163231080502,0.5469972025178236,0.23277473188759548,-0.10664007279499287
2001-10-16,-1.0260279901559817,-0.49255858351911275,-0.8146987676641885,-0.8841428062100085
2001-10-17,-0.06896349545040534,-0.4695369088561622,-0.5482388062832352,-0.5373104447318571
2001-10-18,-2.4172579039323243,-0.00634768947680559,-0.5814314111757293,0.5083459820082699
2001-10-19,0.93758353651657,-1.1366613352956427,1.5812628797644444,0.4152416211455498
2001-10-20,0.798603912651541,1.5308369794964254,-0.8129714063392319,-0.657092823721227
2001-10-21,0.5264701984629084,-0.9959040708681128,1.0312200554161708,1.274393193572985
2001-10-22,-0.6990595607246817,0.30851331991735526,-0.060596167525411096,1.0994004376610027
2001-10-23,0.3001653352247493,-0.16104466106956758,-1.9291359765362464,0.12172581193668693
2001-10-24,0.22211022422589924,-0.4971541763431878,2.1001004164009953,-0.020430094793911915
2001-10-25,-0.6046853266579277,-1.0925809088932903,-1.1065337551071368,-0.8130201442121098
2001-10-26,-0.27934067767510207,-1.3342174428831806,0.1652997107188013,-0.8344637568707987
2001-10-27,0.5836991151815308,2.0429460482121193,-1.097332951730837,0.8032872631669487
2001-10-28,-1.728244080200522,-1.0362659489787487,-0.4686378188161023,0.004475714026175442
2001-10-29,1.4891482260073847,-1.537721444113261,-0.812954818489048,0.11970769938272006
2001-10-30,-0.257685081010822,0.296461780597052,0.3668002388725518,0.23120816167970307
2001-10-31,0.033505124023076906,-2.714483132541138,-1.9153041151663288,-0.18731124437195334
2001-11-01,0.7082531504403684,-1.959097867270722,-0.7826685233144639,0.798699577748032
2001-11-02,-1.081906279251289,-2.3124609890717274,-0.4296293074583255,-0.06477522943465619
2001-11-03,1.7594067450038584,-0.26799169195860506,-0.9918679937623951,-0.43572821832688424
2001-11-04,1.3278413684525554,0.381213443306325,-0.5220940908039984,-0.8498846506803623
2001-11-05,-0.09822863999976092,-1.3096313304051166,0.14619919208453783,0.5544602754044051
2001-11-06,-2.8342052337327144,0.11151655288943141,0.6172918730600776,-1.6257237842532986
2001-11-07,-0.39137213296746054,-2.4753420852518495,0.3681491933256803,-0.6926182680218507
2001-11-08,-0.691884775542009,1.2806339821030353,0.1055291415847168,-0.11276790058829533
2001-11-09,-0.2841309771776093,1.8572944256601398,-0.8933322950531689,-0.2775440758477602
2001-11-10,-0.3377631924504253,-1.0873644857897813,-0.3229785907080257,-0.17020443969666257
2001-11-11,-0.8626103116891781,-0.31713573822183416,-2.028242461413109,-0.18036270051060385
2001-11-12,0.6020466498491202,-0.7580431764347023,1.2200242646171429,0.7948075112271987
2001-11-13,0.19303259131128503,0.8974295370022196,-1.4104469724517001,0.38567766521453456
2001-11-14,-1.8854965621800113,-0.28197916995148614,1.3674071733374966,-0.6662119919478076
2001-11-15,0.23127384471320295,0.015556732033208471,-0.02243329489079406,-1.8742889822667768
2001-11-16,-0.45977515489620474,1.7278790996165783,-0.04055684154632739,0.4726406037443412
2001-11-17,-1.6845363411368488,1.0501916417611925,0.19001947014995918,1.435904678476294
2001-11-18,-0.6794701351377938,0.1368422852045176,1.628368413284606,-0.117178779051052
2001-11-19,-1.2454031603716123,-1.0029912304273807,-0.003297061386833324,-1.6284385950541151
2001-11-20,-0.8344348381190423,-0.7782620400702334,0.055571482846020745,-1.1450966858918958
2001-11-21,0.2811440544651251,-0.11771469709547913,-1.1010953649496993,-1.8202018730120155
2001-11-22,-0.9727946811969486,0.47349013691830677,0.5252321126272324,1.8211695836497261
2001-11-23,1.119259376473569,-0.9464685934100774,-1.06452958320858,-0.23403432811099842
2001-11-24,1.590021103203484,0.14455074367912873,1.3786140722450944,-1.7309420546731666
2001-11-25,-1.2483865190394936,0.7240052396060529,0.9762758974825012,0.30262328939548616
2001-11-26,-0.054287329368634736,3.1183239956337765,-0.9400922477818707,0.31046363160008
2001-11-27,-0.40554992895978653,0.29836767448402024,0.3367313891220837,0.3624887796642632
2001-11-28,0.5369306815430086,0.4474457079699118,-0.6426700694071347,0.14475582513245358
2001-11-29,0.3390886510503995,0.09243661166085,-0.8419578042823613,-1.1574413679142777
2001-11-30,0.05976480522898222,1.0476826250466296,2.015181780363834,-1.2725677566394782
2001-12-01,-1.258915816373693,1.1034683834465746,1.8014873265088778,0.06483108675748904
2001-12-02,-1.458154830352109,1.2646542130951608,-1.8003457325444674,-0.8723947959543196
2001-12-03,1.4753723690415093,0.9973021906246036,1.7591204397162454,0.023942971361782094
2001-12-04,1.1134638753338557,0.29152771501514557,0.854317697646207,-0.535570340757605
2001-12-05,-1.1844830867631462,-1.343432731508163,-0.11317606532972228,1.0846402567600473
2001-12-06,-0.19870592254239944,-1.7162254610452725,-0.2964781267701123,-1.4764358668847832
2001-12-07,0.3630624316442882,-0.5187626586363432,-1.7366240608440584,1.8476778684636974
2001-12-08,-1.8509562395462493,1.2488532245862853,0.37407403765373276,0.46547068219811083
2001-12-09,-1.2799033800650053,0.14366372464160654,1.5875283155377666,0.6655941836510111
2001-12-10,-0.5381324201353918,0.05667034282519603,-1.7668727299918432,-0.1756909235706012
2001-12-11,1.7351155324657437,0.4859133368087453,0.9795661757476213,0.014342245307412013
2001-12-12,1.8869042704575767,0.8480200427818146,0.18165251733807838,-0.49819103311975915
2001-12-13,0.5640027278974189,-1.023322907815294,1.1853851656049512,0.990099599074123
2001-12-14,0.5181318403860232,-1.1506085749523827,-0.7783931900258673,0.6009802755154707
2001-12-15,0.9202482477715608,0.7703427785312097,0.01987536954938662,-0.7302030205715903
2001-12-16,-1.1012202898366434,0.7867032850545596,-1.2248357764068776,-2.0503273749605984
2001-12-17,-0.6806377097538244,0.8851605427007266,-0.10714037413699497,-0.38106624240584247
2001-12-18,-0.8787039775189923,0.9602975739571965,-1.0658239616705312,-0.5666420077510367
2001-12-19,-1.09412556140674,0.6867344033866496,-0.437171908764288,-1.33179867817709
2001-12-20,-0.9865548456879124,0.021827058770809146,-0.04461185802905116,-0.5967306884844205
2001-12-21,0.6408734732702217,-0.8040757814622275,0.9187149053280094,-0.3633093708738235
2001-12-22,-0.7276779980528144,1.8247553415515427,0.8587986887062486,-1.3642273116601573
2001-12-23,0.8078778535197295,1.5971719824335562,0.5644283740612259,0.7340702344624065
2001-12-24,0.3296648910128303,0.7182650318096957,1.184838818253455,-0.3921083856744024
2001-12-25,-1.0959661063027584,1.9836511418198135,-0.6150395123461104,1.4838461687191786
2001-12-26,-0.46864663422648073,-0.11929806640037538,0.16690284015055531,-0.45481704844701715
2001-12-27,-1.3573404122921156,1.1784317958026937,2.4423637119455273,1.320841206633766
2001-12-28,1.7946014912037271,-0.797663738591676,-0.5057955907386101,-0.04497780550898692
2001-12-29,-0.4852642750691337,-0.6713811887357296,1.411139917572993,0.3633132846568846
2001-12-30,-1.5050149206460188,-1.0639077838575723,-1.8313846319443674,-1.2472344728213525
2001-12-31,0.4393811675067426,-1.1606659057015236,-0.9338656226304226,0.8861409074761581
2002-01-01,-0.18985644569388546,0.29792937086232496,-0.5184442754389091,-0.4347144364060588
2002-01-02,1.2771254214473209,0.41386065044298703,-1.3980407532017363,-0.37566358715637765
2002-01-03,0.39342944410667474,-0.8569742758376547,1.0142446120257895,1.7022600406544028
2002-01-04,0.3496871603911876,0.05502581410035159,-0.11387388757796123,-0.5174798020467773
2002-01-05,1.1880827104006482,-0.11391163195848884,-2.903659552740612,-0.8342827158610193
2002-01-06,1.001290949592965,-0.6513358402101116,1.4315152539430838,-0.7270177516950044
2002-01-07,-0.8936965901339684,-0.9611024128074541,-1.0112149468133003,-0.49854324579259257
2002-01-08,-1.1826730883958434,0.6371793430694271,-1.1590540936514067,-0.2365535938537013
2002-01-09,-0.02441154046834707,0.4044765999031387,1.2585416732262706,0.7533957883158788
2002-01-10,1.0365541457758352,1.4797540723015332,-0.5010706733872315,-0.7214259337660552
2002-01-11,-0.6341245871289947,-1.4313486706937966,0.347582861032719,0.6534269315045225
2002-01-12,0.427177651955576,0.02119481366334629,-1.163494619387272,0.881407248189874
2002-01-13,-0.19335898218831504,1.0742634236069304,-0.2273044588325971,0.3436371267435911
2002-01-14,-1.2967234621802013,0.49298600072350607,-0.11555669814431059,0.5470296625969522
2002-01-15,0.9220332753988697,-1.1271656679698165,0.8255262168129878,0.25659027377092836
2002-01-16,1.1084474636811827,-0.7238711519055231,-1.2245419479170847,-0.12871250053543393
2002-01-17,0.8606118879452699,1.5618866897737316,0.9466606484486998,-0.054305681107610734
2002-01-18,1.1967537703958673,-0.03212072632567656,-0.18462927199374565,-0.002363061643354705
2002-01-19,0.291621386630313,-1.1325458951728862,-0.6443283497806006,1.1731876931592848
2002-01-20,0.21383000957690748,0.3568346955944219,0.42512579811813006,-0.3692690668260835
2002-01-21,-1.0134968134215057,1.5745037985528847,-0.15296883817802062,-0.46628521896415714
2002-01-22,2.1014535971149453,0.2797350876589813,0.2204978923710434,-0.2938049256653127
2002-01-23,-2.1098348346573683,1.0608166497894727,1.1923550687390818,0.03331892954808146
2002-01-24,-0.5162981764030883,-0.7152152415001992,-1.5284815639013678,-0.2077728399707123
2002-01-25,-1.610138664843588,0.2018117702383458,-0.9321728907818995,-1.9247373594719697
2002-01-26,0.28946594201860426,0.4982661773408415,-1.9561214673791534,-0.4588025303112337
2002-01-27,0.13497155918103565,-1.4570927078688432,-0.9741280033823783,0.7884263734918374
2002-01-28,-0.19150958316172842,-0.8786028338946709,-0.23181279585135992,2.0272534543703493
2002-01-29,-0.5558783945547029,-1.5040327553819872,-0.805862136098618,0.9532176276449628
2002-01-30,0.4906394664311988,1.2580764719681812,0.3886681345743792,0.3126031426431244
2002-01-31,-0.08686934698561366,0.6025968246548792,0.8815335283283028,-0.11395418858460013
2002-02-01,1.2635446195542832,-1.0887540873981898,0.5750153443290456,-1.034136371691815
2002-02-02,-0.10172217671174576,0.051003368662485414,-0.02695214512412867,0.3290114311814746
2002-02-03,-0.5895176766818977,1.9418906141928856,-2.4222264195216985,0.5739713385909786
2002-02-04,0.7686455957370255,0.23709061589745475,-0.38385744838189423,-0.4228361641137974
2002-02-05,-0.35490930187389125,1.4504993197518001,0.8492328190876199,1.3669745442129073
2002-02-06,0.2734533840393079,-1.7148296497831863,0.7465659852846289,0.45509751804413234
2002-02-07,-2.366415168918908,0.11924261533881239,-0.3152357564142739,2.064048405573473
2002-02-08,0.3738263710745102,0.08758856259362964,-0.9389161977716269,0.9445037772066273
2002-02-09,0.04983441613796552,1.1533891084269257,-0.12243341112181365,0.0819528816826179
2002-02-10,0.7394770255386245,-1.6966586247479611,1.3902597217791692,-0.4909731818319193
2002-02-11,-1.1306864750736187,0.39331782586299846,1.8920798201120073,1.23451164151958
2002-02-12,-2.118969630166526,0.5557517106424916,-0.981824684124,-0.23027429698396107
2002-02-13,0.5882419494403512,0.2757877508408543,-1.8366133890533778,-1.351959186151017
2002-02-14,-0.8551970224986783,0.42938462004386735,0.2905585719897588,1.899487859786927
2002-02-15,-0.4805109472085162,0.9701412313742789,-0.5689775891260144,-0.9838854357634991
2002-02-16,-1.6801280384966517,-0.42040514851925154,-0.05952842123726357,-1.072997348035178
2002-02-17,-0.3940166241025305,0.80057442530587,1.456300667509416,0.6001577432412466
2002-02-18,0.28974683643421895,-0.2882065691146095,0.9393813986552391,-1.077509257129684
2002-02-19,0.0130518291320136,0.33965556478404,-0.06169851681912817,-0.8140906095859346
2002-02-20,2.423638262308909,0.06491189396829387,-0.46263096295224637,-1.5030171832417552
2002-02-21,0.5959354401923169,0.8712547966330643,0.08484148276718263,-1.1882454503393594
2002-02-22,0.957891184574433,-0.46046166078071554,-1.571183876369437,-0.09506560359784727
2002-02-23,-0.6271178186421291,-1.3467436880874795,-0.8327311742578655,2.251713010196108
2002-02-24,1.5515935048848393,0.7444515416688694,-0.7198369832678838,-2.3973668773946226
2002-02-25,-0.4583870423538602,-1.8712039544543784,0.8851898192606222,0.8981814520665273
2002-02-26,0.5905537989896078,0.16821501435155628,-0.33910517632104115,-0.07687900762220233
2002-02-27,0.33989936528045545,-0.12043448662380013,-0.14657809560266186,1.1179250254354602
2002-02-28,-1.1946685998320532,0.9682970758975735,-1.9618973216086548,-2.1345904138263374
2002-03-01,-0.14248331704269576,-0.4703047561809396,0.4652090985725124,-0.5440695988106585
2002-03-02,-0.3646828142800078,-0.47246386626648096,-0.08907748062370574,-1.539072580140209
2002-03-03,1.8905254881706175,-0.4443262243720899,0.25971337948855316,1.4098256016849187
2002-03-04,1.5822236390202775,0.32147940498564875,1.593999115606765,0.9425279623176431
2002-03-05,0.6307195958314605,-0.4678270991313198,-1.4991647100344816,-0.13568200898653182
2002-03-06,-2.559978893703495,0.11838912084476863,-0.3485114245404177,0.4320385986935901
2002-03-07,-1.97423532298526,0.35923794202988707,0.34677845416599407,0.038051801783317823
2002-03-08,1.1496950264228596,-0.5493768549210897,0.5339419782946276,-1.3943193462017947
2002-03-09,-0.7850666641023105,-1.5693727035512577,0.7810324110158203,-1.2628069959725896
2002-03-10,0.6175393331467386,0.09663398824825349,-0.8860602872458053,0.4032910040042037
2002-03-11,-0.7924070602023755,-0.54051318358568,0.5105503432249372,-0.913057918781927
2002-03-12,-0.7455479231840945,0.275570338354866,0.7851845195807442,-2.385061771741485
2002-03-13,-0.4890472372906645,1.3287216404263409,-1.617444019959292,1.7346344728896799
2002-03-14,-0.31476181961812544,1.11008029439061,0.22661043257784289,0.08999749631322917
2002-03-15,-0.11101933477893682,-0.16941439655025192,-0.4331781919512067,0.5478710920758725
2002-03-16,-0.14749388170901537,-1.5729209275958436,-0.019965548284372695,-1.1891857653749776
2002-03-17,-0.06048088004247996,-1.6178053032669784,0.05193631042811555,-1.16837020090845
2002-03-18,-1.4262414712462632,-0.4284896844609135,1.1257636115846419,0.7491273442183636
2002-03-19,-0.6097102193923578,1.4764122455348077,-0.053393060647938646,-0.21708706275684445
2002-03-20,-1.24918347214343,-0.26807113407466443,-1.1575771924267566,-0.09513589306846555
2002-03-21,-0.596825907764824,-0.0816359590346648,-1.1115593925157532,-0.21973545562513577
2002-03-22,-0.6679430794222927,1.7754590830589405,-0.025793930946517055,2.1849095042152977
2002-03-23,0.2582422760237689,0.25278160735494126,-0.4615817610206874,0.7734215400241261
2002-03-24,1.1939260175124216,-0.4156082041266516,0.07595126235649018,2.2869538112017027
2002-03-25,-1.7398928636512598,0.15113332206761418,-1.2744490954126928,0.03831832841989405
2002-03-26,0.7435176862278304,-0.6063616166530393,-0.7574826031621412,-2.1007667544308255
2002-03-27,-0.3226226655215075,1.09793683375852,-0.17617600476597833,-0.20697649474645888
2002-03-28,-0.1689161848455098,0.5894060475579337,1.009445801997325,0.38091631366470186
2002-03-29,-0.46397270527532436,1.179971369305297,-0.7740359480271679,0.01541745181769388
2002-03-30,-0.43816287588886926,0.9231068852072719,0.14123632275271553,0.6643430596168428
2002-03-31,0.17118124742327423,-0.8932151704136886,-1.7906780366338453,0.5513894224521197
2002-04-01,2.519837359781613,-0.8207560369173805,-1.1422693044211865,0.15431538829470642
2002-04-02,0.37406192153244844,0.7823688473827334,-1.4149080398759244,-1.5904725456814626
2002-04-03,0.20761074676265465,-0.9359017840236873,1.6991410848079214,0.717268529721333
2002-04-04,-0.9686228746917798,-2.519682576595612,-0.6311133170419876,0.4914734367928592
2002-04-05,-0.03491166615505254,0.8864358345410525,-0.4190842660061643,0.8634046236170705
2002-04-06,0.6203788250840107,-0.9355104832691209,-0.6650233592354163,0.8838644331046999
2002-04-07,1.8094314235100255,0.8487191180994939,0.5879659315168246,0.19791477951740563
2002-04-08,1.8150846614487754,1.0323393404532477,-0.47578412986808094,0.32968336718934477
2002-04-09,0.4837741357103682,-0.18607682713620347,-1.0471570869886868,0.31510370212455696
2002-04-10,0.49510442787963893,0.9806714703939755,0.17020881859250458,0.47264702730318797
2002-04-11,-0.9255399253899449,2.1274992807698205,0.162064407662951,-0.4908868546102092
2002-04-12,-1.1661951060630127,-0.368415682351866,-1.2797866638289905,-0.6854705863293505
2002-04-13,-0.11078537612710955,-0.15647049540774996,0.35419196703002903,-1.4387531487070406
2002-04-14,-0.9580017736794151,-1.0272971801725106,0.1784026313372093,-0.03576457425805969
2002-04-15,-1.8978754228421568,-0.5259333183826904,-1.153185869777895,-0.08653846651099464
2002-04-16,2.2344286745225945,0.2935111485617463,-1.9084209883798675,0.4098464915704202
2002-04-17,-0.891267270961763,0.7432150082349066,-1.4069698510658177,0.22905925168489488
2002-04-18,-0.10790546207882029,0.9178037228521828,-2.7709469919373215,-1.2794788698713906
2002-04-19,0.11703593286580705,-1.302459170536903,0.022439842706426582,0.19089712810418585
2002-04-20,-0.8757443167187478,-1.6853878953495123,-0.5021581733724233,-0.381286141074332
2002-04-21,-0.976392469961211,0.12222934801689152,-0.6688295788112744,0.9529466444797747
2002-04-22,0.6366720198594198,-1.4058606368676096,-0.04575548772169159,-1.2241202772996151
2002-04-23,-1.036282104418506,0.30170425562647885,1.0117852209475533,1.3038666844820725
2002-04-24,-0.14595188980243332,-0.8789436343982322,-0.8510538151740485,1.1337822715325803
2002-04-25,-0.7953975680855292,-1.0246158073424343,0.7871562325011592,0.46496596339048263
2002-04-26,0.1112010065722104,1.2388725985912348,-0.09092453157423422,-0.40257774006275754
2002-04-27,-0.7621134470354619,0.40272660967953383,-0.22507648472385056,2.026413067188125
2002-04-28,-0.018120359345744307,0.2864804661025548,1.9967846894006025,-0.30129076768831276
2002-04-29,0.8762593091797293,0.4632803374807391,0.22033205475316728,0.5247818088704623
2002-04-30,-0.641065011149968,-0.1725644560462386,-1.4032547108146192,0.26091695068380916
2002-05-01,0.3883318020772773,-0.5120453073270498,-0.02466902428088967,-1.5441019046474715
2002-05-02,-0.3855062339407763,1.421696906321675,-1.7681356935231096,1.1843199635222406
2002-05-03,0.05849187194684115,-2.0122759540013457,-1.009833406033017,0.9327816633191223
2002-05-04,0.6782793601424111,0.26736838022436166,0.3507655610462133,0.5005638711499344
2002-05-05,0.7033584272852826,1.9492716413179778,0.18765419398257535,0.3336584035651045
2002-05-06,0.7186067415903364,0.7730142658600151,-0.6731967221443766,1.741530295676826
2002-05-07,-1.4941799680333252,-0.5105671731562581,0.6701648563812429,0.6320650701335847
2002-05-08,-1.441752990271751,-0.500703691639681,-0.08457182121340118,0.3531361433104119
2002-05-09,0.45485880168958603,-1.2568243693017531,-0.7671128215301253,0.4462383345235309
2002-05-10,0.037133727271899106,0.9280744365453016,0.8443300801849811,0.8133156639525726
2002-05-11,-0.5278910335700203,0.2003088328534459,1.956339564813363,0.2500493226757204
2002-05-12,-0.5912590858832503,0.28659021729893214,0.6717021352755316,2.055835003989853
2002-05-13,0.19601814174725993,0.4726360875420512,-0.1891943775538332,0.3895438369745968
2002-05-14,-1.7026238696505358,2.1274763754739943,1.0060387636237982,0.34814762007319205
2002-05-15,0.08592691774643675,1.548109521546207,-0.3933550550496643,0.18448850780012926
2002-05-16,-0.0792062799988005,-0.6535178445539734,0.15054636928542345,0.3078080744789109
2002-05-17,-0.5853388827135267,0.2005835439783178,-0.8430397107904443,1.8251169648716303
2002-05-18,0.9852355639654021,0.28960445719448025,0.732030127469482,0.9761719720896616
2002-05-19,1.9324325601677672,-0.05976538428070849,0.4858470271765879,0.4411534154917734
2002-05-20,0.07267890162288378,-0.709479566666078,-2.02024310587251,0.04010683374349059
2002-05-21,0.019355743568462244,0.4582118052768452,-0.6411964330952323,0.3189170011542924
2002-05-22,1.1844751184096716,1.528736511070037,-1.25946527289224,-1.0211743837196152
2002-05-23,-0.60155309381044,-0.18028226042301793,0.0063741334492189985,-1.6230569993210433
2002-05-24,-0.4386416300559858,0.981746368699365,2.670836189021696,3.1905818623057582
2002-05-25,0.11341343097129764,-0.5949417492695063,0.8561245428735511,1.2197577865817537
2002-05-26,0.29643780238282397,0.038342310685084195,0.6403680683555533,2.073075003399463
2002-05-27,-0.7612370319013916,-1.2787906034543204,1.3644015477869014,0.2223516533032381
2002-05-28,1.3234675842817278,-0.43220771202261665,1.9409460282569928,1.1737097202275584
2002-05-29,0.19196266253782746,0.5540718488112293,-1.0528024324632064,-0.7084185233842583
2002-05-30,-1.3601056090562997,2.4676912344698114,-0.031011698017628788,0.09946292895581949
2002-05-31,-0.8053639936153545,1.4360525233306127,-0.5102716053971534,1.0896586225983977
2002-06-01,-1.9583769733667484,0.06622651486149199,0.5959539411081707,-0.004582667646135151
2002-06-02,0.04043388585954353,-1.1848349042156008,-0.5424549766074012,-0.1487507893315364
2002-06-03,-0.02092873806303454,0.856328430866471,-0.5888820656009912,0.134457841730282
2002-06-04,-0.8950325116722178,2.6611721854445003,1.9284517888376014,-0.12706877007266498
2002-06-05,-0.6330322752972589,1.5249488082613774,-0.11838177135316896,1.7147202443840783
2002-06-06,-1.282781817241541,-1.0117357565277272,-2.228539452341121,0.5645979115340082
2002-06-07,1.157216453575043,1.0219465140089592,-2.0574499083425586,-0.037887068644074144
2002-06-08,0.9556679013404986,-0.9143585632796826,0.6285005954320111,0.9880355007967538
2002-06-09,-0.6664549329059969,-0.30579709873122246,-0.00770920223450643,-0.3914113345365571
2002-06-10,1.12251090670692,0.4696863965950388,-1.9440949130941991,-0.45888404822539813
2002-06-11,-0.36445272026939873,-0.37292768080976385,-1.2454580576582053,0.3363120709624975
2002-06-12,1.2782649165155244,-0.09029246505381346,0.9051894247395045,-0.13227587108266997
2002-06-13,-0.8976010813214144,-0.11057463917232993,-0.5872396845847309,1.9392697863650543
2002-06-14,1.4236204484309027,0.9610996952526499,-0.05475952303933384,-1.8544316766174185
2002-06-15,0.05447274291180892,1.569818131992403,0.2789035702615717,-0.06356080404673696
2002-06-16,0.8451266009795687,-1.6772471766457873,3.093087498855256,0.777512673451972
2002-06-17,0.5561516438047053,-1.0465892734070348,-1.2835673364763076,0.17261814204500667
2002-06-18,-1.7718743392223055,-0.3175089887614372,-1.8476262577491784,1.482216625653236
2002-06-19,0.9001681700721925,-0.8767166796277327,0.6319802450772263,0.8516250007140626
2002-06-20,0.3127604434249658,-0.523949266356744,-0.5919302995764134,0.8375376445180862
2002-06-21,-3.0672915024276564,-0.6882718853287322,-1.0432902122558558,0.15983540413149946
2002-06-22,0.7189677041423904,0.5251530517030819,-0.20394716331252458,-0.767973495625229
2002-06-23,-2.2355549389934706,-1.1569440923619279,0.01952654839733493,0.372118287069325
2002-06-24,-0.4683937234355668,-0.7657561615519122,-0.3188706952102942,0.32684470538559474
2002-06-25,-1.0823088503277136,-1.2678418657311337,0.2961019080886379,0.29949186287846896
2002-06-26,-0.09144890587874528,-0.00459017192565737,-1.8600991679178183,-0.4855908068797697
2002-06-27,0.5637513471192876,-1.0993972613215826,-0.08612057569410173,-1.0267709635824778
2002-06-28,1.9109417575203458,-0.6391645534132815,1.2954838461894955,-1.8524711777038831
2002-06-29,-0.26578726571026057,0.22024470108318736,-1.3472689952337846,0.5561949487044924
2002-06-30,0.9437047247270282,-0.26498647310789347,-1.5145977614023338,0.9741319225289423
2002-07-01,0.11323237187172515,-0.016690975833008635,0.577357876807288,1.7026285473898173
2002-07-02,0.38475570115815255,-0.5703967929778366,-0.997478603744557,-0.13732076947214547
2002-07-03,0.20812814358430407,-1.258765341959515,-0.8833390459648649,0.8359851204123824
2002-07-04,-1.5733677635549042,0.3149955835260526,-0.20459939675179054,1.0033883588632808
2002-07-05,0.39077779974885013,0.12397306507395381,-3.010626949349146,-0.0262272318826837
2002-07-06,0.6608275411119905,-0.3142067892855368,1.6312669636990662,0.6276727743842142
2002-07-07,-0.8677903642505951,0.41774058600091457,0.635263841997209,1.3493117154567764
2002-07-08,-0.6701150134870482,-0.26575736785225473,2.1388722360042265,0.3773441840766227
2002-07-09,-1.578137590956395,0.4069222936123467,0.4955594130679728,0.42466563723855427
2002-07-10,-0.18725429169096686,0.4426164984331833,-1.3848006091221332,-0.6614211471251025
2002-07-11,-0.682681725886144,0.11910422856964858,-1.6440675382123553,-0.6143644216638149
2002-07-12,0.2520464799541326,1.0458073888078423,-0.1696841652432069,-0.46560146680149667
2002-07-13,-1.7393952871695126,-0.3165036623008079,-0.536599791530851,-0.3561590346315128
2002-07-14,-0.49236332268768224,-0.4521095307292828,-0.1668450526580252,1.781188454723089
2002-07-15,-1.4851861232962322,-0.023295848539880922,-0.5088536322296722,-0.5791117117968853
2002-07-16,0.589576540413571,1.0097904763175263,-0.3627188540218916,-0.3847880705245337
2002-07-17,-1.9174120113348585,-1.1959873385929767,-2.1720871320177544,0.8192869183077602
2002-07-18,-1.0026958701283064,0.3817441740330246,-2.9303888617499685,0.7481891043286168
2002-07-19,1.6849507442837997,0.9765293977699439,-0.2714195509999965,-0.9051428687784634
2002-07-20,-0.5252348591224327,1.2037551985443522,-0.3755136902708883,-0.8405915475491547
2002-07-21,-0.4265535052096665,-1.4111721586098098,-2.151560142841084,0.17570930917673663
2002-07-22,0.771755350729139,1.196857015863979,0.134122479302084,0.25760699931642667
2002-07-23,2.059706458585823,0.6706962356716879,0.6264375369212933,-2.242428798800487
2002-07-24,-1.0533184693191833,0.4938660295662117,0.9039976197085562,-1.355608333223743
2002-07-25,0.30330935155930905,0.8729747623760469,-0.23763106804171905,-0.6814345778849858
2002-07-26,-0.41599851208597177,-0.4367520293814883,-0.9524442042506811,-1.6260930741530146
2002-07-27,1.192171439901756,0.22918263030707822,-0.048992863133199616,-0.6243941045926689
2002-07-28,0.1215656382360844,-0.3119950485793511,0.4874839258248094,-0.615079723269224
2002-07-29,0.852317371795501,0.5953341589573196,0.2705718320199511,-1.5628346230898236
2002-07-30,0.4525130704990916,2.3535830339271597,1.7151688314555502,0.07743778853364686
2002-07-31,1.1676272041518236,-0.6546709398802818,-1.243992055198719,0.49876966296046443
2002-08-01,-0.30594655798582876,0.2079947777495016,-0.04683698668490388,-0.1705793135092071
2002-08-02,-1.2761894843299755,-0.11202413296175162,1.1930490385491253,-0.5458863298112645
2002-08-03,0.7221014136669365,1.0517757992606669,1.2967520156547552,1.2552901373268348
2002-08-04,0.07303636392079134,-0.45075302014810803,1.0348036434762495,-1.3549012312876374
2002-08-05,-0.5611675912297178,-0.45952207677473755,-0.015441447794392106,-1.4743470793004958
2002-08-06,-0.1590702162927292,0.8973766633291097,1.5076522987314718,-0.16491767245849387
2002-08-07,-0.25853545064503225,0.9425039702110566,0.395032316441715,-0.4054159089887227
2002-08-08,-1.213704034402002,-2.454494778951872,-0.14562420222151043,-0.21675977312492387
2002-08-09,0.442007688098599,-1.4479322683540035,1.802960501524745,-1.0442214768681397
2002-08-10,-0.019548207569899174,-1.0293632147418266,-2.186720258768917,0.20774441747728212
2002-08-11,1.01502443546717,-0.008488511682621767,-0.6197765964405466,-1.8262450918428152
2002-08-12,-0.24109052304146686,-2.299179246341012,1.5286645811158812,0.24265829698463398
2002-08-13,1.826808311220311,-1.0052198389898015,-1.6269788429508172,1.3891276586688994
2002-08-14,2.391107217999623,0.8093713127540575,1.4021676642542042,0.59312482658488
2002-08-15,1.3238678950025802,1.1449605600949955,-0.7023993147754002,-0.43017170992156795
2002-08-16,1.092105250315276,1.1215845017834447,0.3384130166396018,-0.8406080437894979
2002-08-17,-0.5726137021522317,1.0816247384257172,-0.07571416166026497,1.035877945380564
2002-08-18,0.8973172763328343,-0.042354672564171206,0.7251067620209948,1.1769661185021894
2002-08-19,1.0134279752337734,-0.2208876239787513,0.16079155230703457,0.9786144037521991
2002-08-20,1.5600540261816267,0.15251596792331015,-0.48488512835029207,0.25602905446316154
2002-08-21,1.2428130036136582,-0.5190216227677358,0.36133814592836727,0.8972273439904186
2002-08-22,0.24044917919661288,-1.9380907289512028,-0.6388439943571492,0.22861804916892087
2002-08-23,-0.2943051097165267,0.044714863652721426,-0.2091694905312521,0.4762015339036801
2002-08-24,-0.7467504934003948,0.025169834829854677,-0.0698792101257232,-0.13614957134744657
2002-08-25,-0.4060290242142483,0.9684948154926957,0.5686277157251848,-1.2629983433637215
2002-08-26,1.0371003031851858,1.291244292617233,-0.29443225586025695,-2.4867647733112395
2002-08-27,-1.260105897063718,1.624205183847094,-0.4081985367065062,-1.0318372529111446
2002-08-28,0.09468985656990457,1.5252859699197536,0.4691698175627796,1.4379994953922204
2002-08-29,-0.36413468465319104,-0.013681101069057752,0.6851270861355558,-0.8896322028553336
2002-08-30,-1.5995085321541351,-0.8537663304814955,0.9417169506280716,0.42689658623366444
2002-08-31,2.078455571263374,0.5949153469737944,-0.5892534289134134,-1.204459254914426
2002-09-01,0.04915790434499939,-0.4457373135953899,0.13281110589586337,1.8589105432438722
2002-09-02,-1.905904794625032,0.40491863028751884,0.3553916775779582,-0.600243296037195
2002-09-03,0.8916654697164181,0.17934521216054217,1.1891009952487803,0.7279959175832686
2002-09-04,-0.06907136326086888,-0.9009272558802595,-0.7713082330345398,0.8340940423522207
2002-09-05,0.8168924777620612,-1.7819486503852013,-1.4283738070613858,0.1873307618451935
2002-09-06,-0.15397135033202075,0.05960269788803709,0.12698448733717307,1.5109885037627824
2002-09-07,1.4522107588884743,-0.0015276732537006866,0.18588785492059864,-0.9824293994438743
2002-09-08,-0.8112728118794558,-0.45181362357485394,-2.8693664041034586,-1.3152683557264713
2002-09-09,-0.003378780101607161,-1.0748966618698248,0.15584747821768058,-0.6320043638042825
2002-09-10,0.3339247597387443,-2.150725022886516,-0.03475321915498791,-1.0538162819146937
2002-09-11,-0.9175408474518397,-1.9507300099222713,-0.01529535743546137,0.6218461695988527
2002-09-12,-0.1893523133874795,0.020610718396040086,-0.6361018094193606,-0.15368604340464273
2002-09-13,-0.05197059822278917,-0.566417552983714,0.4073674911300226,-0.08177557336764443
2002-09-14,0.5842656991616193,1.347190275939162,-0.8340823195750484,0.4096347158248324
2002-09-15,-0.4337811916586562,0.21548711159077122,0.402128627443961,-0.3758624689910183
2002-09-16,0.14758850543135488,0.5652723421428325,-1.2114551567744374,-0.8974149927640087
2002-09-17,-0.1595407689008611,0.9884422587125989,-0.9744323272298181,0.24148767633539234
2002-09-18,-0.6499388295726158,0.6578118363403156,0.7122057142674579,0.5423745225039577
2002-09-19,-0.3076654842398925,1.0152200885005287,-0.1956010343735784,-0.21672761461388815
2002-09-20,-1.012218136653309,-0.04383216935732932,-0.3361611399445493,0.5404478731180609
2002-09-21,-1.033275684180069,0.8480673608000026,-0.1718381068002961,-0.2065342511630071
2002-09-22,0.5713233543197003,-0.07708510274692928,1.076742408503514,-2.4498001019649034
2002-09-23,0.31473383805809735,2.1104808160384163,-0.3908739573190719,-1.3016909749691281
2002-09-24,-1.2518751538480961,-0.8928614082535166,1.3285095634591428,-0.9322088300421598
2002-09-25,0.4707013382565792,-0.540089266167018,-0.47684231498939794,-0.5002571095392683
2002-09-26,-0.6012996716282825,0.37723256390459947,-0.3304298635697019,-0.7921754781085014
